"Trampling Species Data Matrix - Species Percent Cover Estimates by Site, Transect and Plot",,,,,,,,,,,,,,,,,,,,,,,,,,,,,,,,,combined with D. sitchensis-delete,,,,,,,,,,,,,,,,,NO OBS,,,,,,,,Deleted D. alpinum and combined here,,,Bryo sp 9 - R. elongatum is a synonym for Niphotrichum elongatum. Connor says call them all Niphotricum sp - so group racomitrium with Niphotrichum in to single sp,Newly created col,Newly created col,,Added values from Moss 3,,,,,,Newly created col,,,,,,Newly created col,,,,,,Newly created - Bryo sp. 6 - changed to M lyalli,,,,,,,,
This sheet for raw data after resolving most species and contains comments and notes; NH updated with CGW moss sample id's (Sept 27-29),,,,,,,,,,,,,,,,,,,,,,,,Non-native sp,,,,,,,,,,,,,,,,,,,,,,,,,,,,,,,,,,,moss,moss,moss,moss,moss,moss,moss,moss,liverwort,moss,moss,liverwort,moss,moss,moss,moss,moss,moss,moss,moss,,moss,moss,moss,moss,,,,,,,,
"Aug 5, 2025 - T. M. and N.H. reassessed and reassigned 2024 sample from TM-3 Quadrat 2 as A. capillaris - tentatively classed as Agrostis idahoensis or pallens to A. capillaris",,,,,,,,,,,,,,Type,forb,woody deciduous shrub,woody evergreen shrub,woody evergreen shrub,conifer,forb,forb,graminoid,graminoid,grass,woody evergreen shrub,graminoid - sedge,forb,forb,forb,woody evergreen shrub,forb,forb,forb/Lycopod,graminoid-rush,graminoid-rush,conifer,deciduous shrub,graminoid-sedge,forb,forb,forb,forb,forb,woody evergreen shrub,forb,forb,forb,deciduous shrub,forb,graminoid,graminoid,graminoid-sedge,deciduous shrub,woody evergreen,forb,forb,forb,forb/Lycopod,moss/liverwort,moss/liverwort,moss/liverwort,moss/liverwort,moss/liverwort,moss/liverwort,moss/liverwort,moss/liverwort,moss/liverwort,moss/liverwort,moss/liverwort,moss/liverwort,moss/liverwort,moss/liverwort,moss/liverwort,moss/liverwort,moss/liverwort,moss/liverwort,moss/liverwort,moss/liverwort,graminoid-sedge,moss/liverwort,moss/liverwort,moss/liverwort,moss/liverwort,graminoid-sedge,woody evergreen,forb,forb,ground,ground,ground,ground
May 2026 - NH corrected species abbrev for Val sit and Pollya (was Meilya); and removed extraneous columns.,,,,,,,,,,,,,,Family,Rosaceae,Ericaceae,Ericaceae,Ericaceae,Pinaceae,Asteraceae,Asteraceae,Poaceae,Poaceae,Poaceae,Ericaceae,Cyperaceae,Ranunculaceae,Caprifoliaceae,Fabaceae,Ericaceae,Rosaceae,Asteraceae,Lycopodiaceae,Juncaceae,Juncaceae,Pinaceae,Salicaceae,Cyperaceae,Plantaginaceae,Onagraceae,Orobanchaceae,Ranunculaceae,Asteraceae,Ericaceae,Saxifragaceae,Plantaginaceae,Liliaceae,Salicaceae,Asteraceae,Poaceae,Poaceae,Cyperaceae,Rosaceae,Ericaceae,Asteraceae,Asteraceae,Ranunculaceae,Lycopodiaceae,,,Grimmiaceae,Grimmiaceae,Grimmiaceae,Grimmiaceae,Polytrichaceae,Polytrichaceae,Jungermanniaceae,Dicranaceae,Hylocomiaceae,Jungermanniaceae,Brachytheciaceae,Brachytheciaceae,Aulacomniaceae,Hylocomiaceae,Polytrichaceae,Pottiaceae,Dicranaceae,Ditrichaceae,Cyperaceae,Bartramiaceae,Ditrichaceae,Mielichhoferiaceae,Polytrichaceae,Cyperaceae,Ericaceae,Asteraceae,Saxifragaceae,,,,
,,,,,,,,,,,,,,Species binomial,Luetkea pectinata,Vaccinium ovalifolium,Cassiope mertensiana,Phyllodoce empetriformis,Abies lasiocarpa,Hieracium tristis,Erigeron glacialis,Vahlodea atropurpurea,Poa alpina,Agrostis capillaris.idahoensis,Kalmia microphylla,Carex spectabilis,Caltha leptosepala,Valeriana sitchensis,Lupinus arcticus,Phyllodoce glanduliflora,Potentilla flabellifolia,Arnica latifolia,Diphasiastrum alpinum,Juncus drummondii,Luzula piperi,Tsuga mertensiana,Salix barclayi,Carex nigricans,Veronica wormskjoldii,Epilobium anagallidifolium,Castilleja parviflora,Pulsatilla occidentalis,Tonestus lyallii,Gaultheria humifusa,Leptarrhena pyrolifolia,Penstemon procerus,Erythronium grandiflorum,Salix commutata,Antennaria media,Festuca brachyphylla,Danthonia intermedia,Schoenoplectus acutus,Sorbus sitchensis,Vaccinium membranaceum,Antennaria umbrinella,Antennaria rosea,Ranunculus eschscholtzii,Diphasiastrum sitchense,Bryophyta - sp. 1,Bryophyta - sp. 2,Niphotrichum elongatum and ericoides,Niphotrichum pygmaeum,Niphotrichum muticum,Bucklandiella sudetica,Polytrichum spp (mainly commune),Polytricum fomosum,Lophozia ventricosa,Dicranum pallidisetum,Rhytidiopsis robusta,Barbilophozia hatcheri,Sciuro-hypnum oedipodium,Brachythecium spp,Aulacomnium palustre,Rhytidiadelphus squarrosus,Polytrichum piliferum,Streblotrichum convolutum,Dichodontium olympicum,Ceratodon purpureus,Carex hassei,Philonotis Fontana,Ditrichum spp.,Pohlia nutans,Polytrichastrum lyallii,Carex nardina,Phyllodoce x intermedia,Solidago multiradiata,Micranthes tolmiei,cryptogamic crust,litter covered intact soil,bare soil,rock or large stones/gravel
,,,,,,This column: Community Type-2022 transect photos,,This column: community type transect data,,,,,,,luepec,vacova,casmer,phyemp,abilas,hietri,erigla,vahatr,poaalp,agrcap,kalmic,carspe,callep,valsit,luparc,phygla,potfla,arnlat,dipalp,jundru,luzpip,tsumer,salbar,carnig,verwor,epiana,caspar,pusocc,tonlya,gauhum,leppyr,penpro,erygra,salcom,antmed,fesbra,danint,schacu,sorsit,vacmem,antumb,antros,ranesc,dipsit,bryosp1,bryosp2,nipelo,nippyg,nipmut,bucsud,polspp,polfom,lopven,dicpal,rhyrob,barhat,scioed,braspp,aulpal,rhysqu,polpil,strcon,dicoly,cerpur,carhas,phifon,ditspp,pohnut,meilya,carnar,phyint,solmul,mictol,crust,litter,soil,rock
date,Field Data Entry,Plant ID People,notes,treatment,treatcode,community: see Metadata,commun.code - col F - can adjust to accomm col H diffs*,commun,altitude,site,site.name,quad,transect.code,Species code,LUEPEC,VACOVA,CASMER,PHYEMP,ABILAS,HIETRI,ERIGLA,VAHATR,POAALP,AGRCAP,KALMIC,CARSPE,CALLEP,VALSIT,LUPARC,PHYGLA,POTFLA,ARNLAT,DIPALP,JUNDRU,LUZPIP,TSUMER,SALBAR,CARNIG,VERWOR,EPIANA,CASPAR,PUSOCC,TONLYA,GAUHUM,LEPPYR,PENPRO,ERYGRA,SALCOM,ANTMED,FESBRA,DANINT,SCHACU,SORSIT,VACMEM,ANTUMB,ANTROS,RANESC,DIPSIT,Bryosp1,Bryosp2,NIPELOERI,NIPPYG,NIPMUT,BUCSUD,POLSPP,POLFOM,LOPVEN,DICPAL,RHYROB,BARHAT,SCIOED,BRASPP,AULPAL,RHYSQU,POLPIL,STRCON,DICOLY,CERPUR,CARHAS,PHIFON,DITSPP,POHNUT,POLLYA [MEILYA],CARNAR,PHYINT,SOLMUL,MICTOL,crypto.crust,litter,soil,rock
2024-07-25,NH,"TM, NH, with ND, PE",,near,0,phy/vac,PV,cas/vac/phy,1579.9,1,TM,1,TM-1,,0.5,,,10,,,,,,,,,,,,,,,,,,,,,,,,,,,,,,,,,,,,,,,,,,,,,,,,,,,,,,,,,,,,,,,,,,,,,,,,90,
2024-07-25,NH,"TM, NH, with ND, PE",,near,0,phy/vac,PV,cas/vac/phy,1579.9,1,TM,2,TM-1,,0.5,,,10,,,,,,,,,,,,,,,,,,,,,,,,,,,,,,,,,,,,,,,,,,,,,,,,,,,,,,,,,,,,,,,,,,,,,,,,90,
2024-07-25,NH,"TM, NH, with ND, PE",wrote >95,near,0,phy/vac,PV,cas/vac/phy,1579.9,1,TM,3,TM-1,,1,1,,1,,,,,,,,,,,,,,,,,,,,,,,,,,,,,,,,,,,,,,,,,,,,,,,,,,,,,,,,,,,,,,,,,,,,,,,,95,
2024-07-25,NH,"TM, NH, with ND, PE",,near,0,phy/vac,PV,cas/vac/phy,1579.9,1,TM,4,TM-1,,5,10,15,20,,,,,,,,,,,,,,,,,,,,,,,,,,,,,,,,,,,,,,,,,,,,,,,,,,,,,,,,,,,,,,,,,,,,,,,,80,
2024-07-25,NH,"TM, NH, with ND, PE",,near,0,phy/vac,PV,cas/vac/phy,1579.9,1,TM,5,TM-1,,1,,,0.5,,,,,,,,,,,,,,,,,,,,,,,,,,,,,,,,,,,,,,,,,,,,,,,,,,,,,,,,,,,,,,,,,,,,,,,,95,
2024-07-25,NH,"TM, NH, with ND, PE",,near,0,phy/vac,PV,cas/vac/phy,1579.9,1,TM,6,TM-1,,0.5,,,,,,,,,,,,,,,,,,,,,,,,,,,,,,,,,,,,,,,,,,,,,,,,,,,,,,,,,,,,,,,,,,,,,,,,,,,95,
2024-07-25,NH,"TM, NH, with ND, PE",Took sample of V. atropurpurea,near,0,phy/vac,PV,cas/vac/phy,1579.9,1,TM,7,TM-1,,1,0.5,,,,,,0.5,,,,,,,,,,,,,,,,,,,,,,,,,,,,,,,,,,,,,,,,,,,,,,,,,,,,,,,,,,,,,,,,,,,,95,
2024-07-25,NH,"TM, NH, with ND, PE",,near,0,phy/vac,PV,cas/vac/phy,1579.9,1,TM,8,TM-1,,,,,,,,,,,,,,,,,,,,,,,,,,,,,,,,,,,,,,,,,,,,,,,,,,,,,,,,,,,,,,,,,,,,,,,,,,,,,100,
2024-07-25,NH,"TM, NH, with ND, PE",,near,0,phy/vac,PV,cas/vac/phy,1579.9,1,TM,9,TM-1,,0.5,0.5,,,,,,,,,,,,,,,,,,,,,,,,,,,,,,,,,,,,,,,,,,,,,,,,,,,,,,,,,,,,,,,,,,,,,,,,,,95,
2024-07-25,NH,"TM, NH, with ND, PE",,near,0,phy/vac,PV,cas/vac/phy,1579.9,1,TM,10,TM-1,,5,10,,5,,,,0.5,,,,,,,,,,,,,,,,,,,,,,,,,,,,,,10,,,,,,,,,,,,,,,,,,,,,,,,,,,,,,,,,,,,,,90,
2024-07-25,ND,"TM, PE",,far,1,phy/vac,PV,phy/cas/vac,1579.9,1,TM,1,TM-2,,10,20,15,30,,,,,,,,,,,,,,,,,,,,,,,,,,,,,,,,,,,,,,,,,5,0.5,,,,,,,,,,,,,,,,,,,,,,,,,,,,,20,,
2024-07-25,ND,"TM, PE",1 seedling ABILAS,far,1,phy/vac,PV,phy/cas/vac,1579.9,1,TM,2,TM-2,,10,25,10,15,0.5,,,,,,,,,,,,,,,,,,,,,,,,,,,,,,,,,,,,,,,,0.5,,,,,,,,,,,,,,,,,,,,,,,,,,,,,,25,,
2024-07-25,ND,"TM, PE",3 seedling ABILAS,far,1,phy/vac,PV,phy/cas/vac,1579.9,1,TM,3,TM-2,,10,15,10,5,0.5,,,,,,,,,,,,,,,,,,,,,,,,,,,,,,,,,,,,,,,,0.5,,,,,,,,,,,,,,,,,,,,,,,,,,,,,,70,,
2024-07-25,ND,"TM, PE",1 sapling ABILAS,far,1,phy/vac,PV,phy/cas/vac,1579.9,1,TM,4,TM-2,,5,10,15,,0.5,,,,,,,,,,,,,,,,,,,,,,,,,,,,,,,,,,,,,,,,0.5,0.5,,,,,,,,,,,,,,,,,,,,,,,,,,,,,70,,
2024-07-25,ND,"TM, PE","1 sapling ABILAS, cryptogammic crust",far,1,phy/vac,PV,phy/cas/vac,1579.9,1,TM,5,TM-2,,10,15,25,,0.5,,,,,,,,,,,,,,,,,,,,,,,,,,,,,,,,,,,,,,,,0.5,,,,,,,,,,,,,,,,,,,,,,,,,,,,,,70,,
2024-07-25,ND,"TM, PE","2 sapling ABILAS, cryptogammic crust",far,1,phy/vac,PV,phy/cas/vac,1579.9,1,TM,6,TM-2,,10,20,15,1,0.5,,,,,,,,,,,,,,,,,,,,,,,,,,,,,,,,,,,,,,,,1,,,,,,,,,,,,,,,,,,,,,,,,,,,,,,75,,
2024-07-25,ND,"TM, PE","2 sapling ABILAS, cryptogammic crust",far,1,phy/vac,PV,phy/cas/vac,1579.9,1,TM,7,TM-2,,5,10,10,,1,0.5,,,,,,,,,,,,,,,,,,,,,,,,,,,,,,,,,,,,,,,5,,,,,,,,,,,,,,,,,,,,,,,,,,,,,,80,,
2024-07-25,ND,"TM, PE",1 sapling ABILAS,far,1,phy/vac,PV,phy/cas/vac,1579.9,1,TM,8,TM-2,,5,5,10,10,0.5,,,,,,,,,,,,,,,,,,,,,,,,,,,,,,,,,,,,,,,,1,,,,,,,,,,,,,,,,,,,,,,,,,,,,,,50,,
2024-07-25,ND,"TM, PE",,far,1,phy/vac,PV,phy/cas/vac,1579.9,1,TM,9,TM-2,,1,10,10,5,,,,,,,,,,,,,,,,,,,,,,,,,,,,,,,,,,,,,,,,,1,0.5,,,,,,,,,,,,,,,,,,,,,,,,,,,,,50,,
2024-07-25,ND,"TM, PE",,far,1,phy/vac,PV,phy/cas/vac,1579.9,1,TM,10,TM-2,,5,5,5,5,,,,,,,1,,,,,,,,,,,,,,,,,,,,,,,,,,,,,,,,,,1,,,,,,,,,,,,,,,,,,,,,,,,,,,,,,80,,
2024-07-28,ND,"NH, TM, ND, PE",C. nigricans could also be C. pyrenaica,near,0,phy/vac,PV,phy/vac/cas,1581.1,1,TM,1,TM-3,,10,,,1,,,,,,,0.5,,,,,,,,,,,,,5,,,,,,,,,,,,,20,,,,,,,,,,,,,,,,,,,,,,,,,,,,,,,,,,,,,,,70,
2024-07-28,ND,"NH, TM, ND, PE",,near,0,phy/vac,PV,phy/vac/cas,1581.1,1,TM,2,TM-3,,5,,,,,,,,,10,,,,,,,,,,,,,,5,,,,,,,,,,,,,5,,,,,,,,,,,,,,,,,,,,,,,,,,,,,,,,,,,,,,,75,
2024-07-28,ND,"NH, TM, ND, PE",,near,0,phy/vac,PV,phy/vac/cas,1581.1,1,TM,3,TM-3,,5,,,1,,,,,,10,,,,,,,,,,,,,,0.5,,,,,,,,,,,,,1,,,,,,,,,,,,,,,,,,,,,,,,,,,,,,,,,,,,,,,90,
2024-07-28,ND,"NH, TM, ND, PE",,near,0,phy/vac,PV,phy/vac/cas,1581.1,1,TM,4,TM-3,,10,0.5,0.5,,,,,,,,,,,,,,,,,,,,,0.5,,,,,,,,,,,,,,,,,,,,,,,,,,,,,,,,,,,,,,,,,,,,,,,,,,,,90,
2024-07-28,ND,"NH, TM, ND, PE",big rock,near,0,phy/vac,PV,phy/vac/cas,1581.1,1,TM,5,TM-3,,30,10,,,,0.5,,,,1,,,,,,,,,,,,,,1,,,,,,,,,,,,,1,,,,,,,,,,,,,,,,,,,,,,,,,,,,,,,,,,,,,,,65,
2024-07-28,ND,"NH, TM, ND, PE",big rock,near,0,phy/vac,PV,phy/vac/cas,1581.1,1,TM,6,TM-3,,20,5,,,,,,,,0.5,,,,,,,,,,,,,,,,,,,,,,,,,,,0.5,,,,,,,,,,,,,,,,,,,,,,,,,,,,,,,,,,,,,,,70,
2024-07-28,ND,"NH, TM, ND, PE",,near,0,phy/vac,PV,phy/vac/cas,1581.1,1,TM,7,TM-3,,,1,,,,,,,,,,,,,,,,,,,,,,,,,,,,,,,,,,,,,,,,,,,,,,,,,,,,,,,,,,,,,,,,,,,,,,,,,,100,
2024-07-28,,"NH, TM, ND, PE",,near,0,phy/vac,PV,phy/vac/cas,1581.1,1,TM,8,TM-3,,,,,,,,,,,,,0.5,,,,,,,,,,,,,,,,,,,,,,,,,,,,,,,,,,,,,,,,,,,,,,,,,,,,,,,,,,,,,,,,100,
2024-07-28,ND,"NH, TM, ND, PE",,near,0,phy/vac,PV,phy/vac/cas,1581.1,1,TM,9,TM-3,,0.5,,,,,,,,,,,,,,,,,,,,,,,,,,,,,,,,,,,,0.5,,,,,,,,,,,,,,,,,,,,,,,,,,,,,,,,,,,,,,,100,
2024-07-28,ND,"NH, TM, ND, PE",probably 90% bare soil,near,0,phy/vac,PV,phy/vac/cas,1581.1,1,TM,10,TM-3,,10,,,,,,0.5,,,1,,,,,,,,,,,,,,,,,,,,,,,,,,,1,,,,,,,,,,,,,,,,,,,,,,,,,,,,,,,,,,,,,,,100,
2024-07-28,TM,"TM, PE",,far,1,phy/vac,PV,phy/vac/cas,1581,1,TM,1,TM-4,,5,1,,25,,0.5,1,,,,1,,1,,,,,,,,,,,0.5,,,,,,,,,,,,,10,,,,,,,,1,10,0.5,,,,0.5,,,,,,,,0.5,,,,,,,,,,,,,,,,5,,
2024-07-28,TM,"TM, PE",,far,1,phy/vac,PV,phy/vac/cas,1581,1,TM,2,TM-4,,30,5,,30,,0.5,,,,,1,,0.5,,,,,,,,,,,0.5,,,,,,,,,,,,,1,,,,,,,,0.5,,,,,,5,,,,,,,,,,,,,,,,,,,,,,,,,,
2024-07-28,TM,"TM, PE",,far,1,phy/vac,PV,phy/vac/cas,1581,1,TM,3,TM-4,,50,10,,15,,0.5,,,,,5,,0.5,,,,,,,,,,,,,,,,,,,,,,,,1,,,,,,,,,0.5,,,,,5,,,,,,,,,,,,,,,,,,,,,,,,1,,
2024-07-28,ND,"NH, ND",,far,1,phy/vac,PV,phy/vac/cas,1581,1,TM,4,TM-4,,30,30,,10,,1,,,,,1,,,,,,,,,,,,,,,,,,,,,,,,,,25,,,,,,,,1,,,,,,15,,,,,,,,,,,,,,,,,,,,,,,,5,,
2024-07-28,ND,"NH, ND",2 sapling ABILAS,far,1,phy/vac,PV,phy/vac/cas,1581,1,TM,5,TM-4,,45,40,1,5,5,,,,,,5,,,,,,,,,,,,,,,,,,,,,,,,,,10,,,,,,,,1,,,,,,10,,,,,,,,,,,,,,,,,,,,,,,,5,,
2024-07-28,ND,"NH, ND",,far,1,phy/vac,PV,phy/vac/cas,1581,1,TM,6,TM-4,,10,20,40,60,,,,,,,0.5,,,,,,,,,,,,,,,,,,,,,,,,,,0.5,,,,,,,,,,,,,,1,,,,,,,,,,,,,,,,,,,,,,,,1,,
2024-07-28,ND,"NH, ND",,far,1,phy/vac,PV,phy/vac/cas,1581,1,TM,7,TM-4,,20,35,60,25,,,0.5,0.5,,,1,,,,,,,,,,,,,,,,,,,,,,,,,,1,,,,,,,,,20,,,,,,,,,,,,,,,,,,,,,,,,,,,,,1,,
2024-07-28,ND,"NH, ND",,far,1,phy/vac,PV,phy/vac/cas,1581,1,TM,8,TM-4,,10,25,50,45,,,,,,,0.5,,,,,,,,,,,,,,,,,,,,,,,,,,,,,,,,,,,25,,,,,,,,,,,,,,,,,,,,,,,,,,,,,5,,
2024-07-28,ND,"NH, ND","Exobasidium cassiopes, branches of ABILAS, ",far,1,phy/vac,PV,phy/vac/cas,1581,1,TM,9,TM-4,,15,25,30,50,60,,,,,,0.5,,,,,,,,,,,,,,,,,,,,,,,,,,,,,,,,,,,10,,,,,,,,,,,,,,,,,,,,,,,,,,,,,15,,
2024-07-28,ND,"NH, ND","branches ABILAS, bryo 2 ropey,",far,1,phy/vac,PV,phy/vac/cas,1581,1,TM,10,TM-4,,5,30,15,90,5,,1,,,,0.5,,,,,,,,,,,,,,,,,,,,,,,,,,,,,,,,,,,5,0.5,,,,,,,,,,,,,,,,,,,,,,,,,,,,0.5,,
2024-08-03,TM,"TM, NK, CW (bryos)","ABILAS life stages not recorded, Barbiliphosia hatcheri was written down but no percent cover recorded; assuming it was seen and missed recording",near,0,Phyllodoce/Vaccinium/Cassiope,PVC,vac/phy/cas,1587.8,1,TM,1,TM-5,,20,10,15,15,0.5,0.5,0.5,0.5,,0.5,1,,0.5,,,,,,,,,,,1,,,,,,,,,,,,,,,,,,,,,,,,,,0.5,,,,1,0.5,,,,,,,,,,,,,,,,,,,,,10,
2024-08-03,TM,"TM, NK, CW (bryos)","2 ABILAS, TSUMER 1,",near,0,Phyllodoce/Vaccinium/Cassiope,PVC,vac/phy/cas,1587.8,1,TM,2,TM-5,,25,5,10,20,0.5,0.5,0.5,0.5,,0.5,0.5,,,,,,,,,,,0.5,,0.5,,,,,,,,,,,,,,,,,,,,0.5,,,0.5,,,,,0.5,,0.5,1,,,,,,,,,,,,,,,,,,,,,10,
2024-08-03,TM,"TM, NK, CW (bryos)",TSUMER overhang,near,0,Phyllodoce/Vaccinium/Cassiope,PVC,vac/phy/cas,1587.8,1,TM,3,TM-5,,15,25,10,70,,,0.5,0.5,,0.5,10,0.5,,,,,,,,,,5,,,,,,,,,,,,,,,,,,,,,,5,,,,,1,,,,,0.5,,,,1,,,,,,,,,,,,,,,,,,10,
2024-08-03,TM,"TM, NK, CW (bryos)",TSUMER overhang,near,0,Phyllodoce/Vaccinium/Cassiope,PVC,vac/phy/cas,1587.8,1,TM,4,TM-5,,10,10,20,20,5,0.5,0.5,0.5,,0.5,1,0.5,,,,,,,,,,1,,,,,,,,,,,,,,,0.5,,,,,,,,,,5,,,,,,,0.5,0.5,,,5,,,,,,,,,,,,,,,,10,,10,
2024-08-03,TM,"TM, NK, CW (bryos)",ABILAS 1,near,0,Phyllodoce/Vaccinium/Cassiope,PVC,vac/phy/cas,1587.8,1,TM,5,TM-5,,5,5,5,25,0.5,0.5,,0.5,,0.5,0.5,,0.5,,,,,,,,,,,,,,,,,,,,,,,,,,,,,,,1,,,1,,,0.5,,0.5,,0.5,1,,,1,,,,,,,,,,,,,,,,10,,,
2024-08-03,TM,"TM, NK, CW (bryos)"," ABILAS 1, 0.5 of a Racometrium spp too young to ID to spp. ",near,0,Phyllodoce/Vaccinium/Cassiope,PVC,vac/phy/cas,1587.8,1,TM,6,TM-5,,15,5,10,30,1,,1,0.5,,0.5,1,,0.5,,,,,,,,,,,0.5,,,,,,,,,,,,,,,,,,,,0.5,,,1,,,,,,,,,,,1,,,,,,,,,,,,,,,,25,,,
2024-08-03,TM,"TM, NK, CW (bryos)", ABILAS 1,near,0,Phyllodoce/Vaccinium/Cassiope,PVC,vac/phy/cas,1587.8,1,TM,7,TM-5,,15,15,5,25,1,0.5,0.5,0.5,,0.5,1,,,,,,,,,,,,,0.5,,,,,,,,,,,,,,,,,,,,5,,,10,,,,,,,1,,,,,,,,,,,,,,,,,,,,15,,,
2024-08-03,TM,"TM, NK, CW (bryos)",ABILAS 2,near,0,Phyllodoce/Vaccinium/Cassiope,PVC,vac/phy/cas,1587.8,1,TM,8,TM-5,,15,15,10,20,,0.5,,0.5,,0.5,5,,,,,,,,,,,,,0.5,,,,,,,,,,,,,,,,,,,,,,,10,,,,,,0.5,1,,,,,,,,,,,,,,,,,,,,10,,,
2024-08-03,TM,"TM, NK, CW (bryos)",,near,0,Phyllodoce/Vaccinium/Cassiope,PVC,vac/phy/cas,1587.8,1,TM,9,TM-5,,15,15,15,30,,1,0.5,1,,0.5,10,,,,,,,,,,,,,,,,,,,,,,,,,,0.5,,,,,,,,,,5,,,,,,,,,,,,,,,,,,,,,,,,,,,,,15,
2024-08-03,TM,"TM, NK, CW (bryos)","ABILAS 1, TSUMER 1",near,0,Phyllodoce/Vaccinium/Cassiope,PVC,vac/phy/cas,1587.8,1,TM,10,TM-5,,40,20,10,30,0.5,5,,,,5,,,,,,,,,,,,10,,0.5,,,,,,,,,,,,,,,,,,,,1,,,1,,,,,,,0.5,,,,,,,,,,,,,,,,,,,,,,5,
2024-08-03,"NH, AD","NH, PE, AD, CW",Both Brachythecium species were present in this transect - eryth and alb,far,1,Phyllodoce/Vaccinium/Cassiope,PVC,phy/vac/cas,1588,1,TM,1,TM-6,,1,5,70,35,,0.5,0.5,5,,,,,15,,,,5,,,,,,,,0.5,,,,,,,,,,,,1,,,,,,,,,,20,,,,,,,1,,1,,,,,,,,,,,,,,,,,,,,,
2024-08-03,"NH, AD","NH, PE, AD, CW",ABILAS 1,far,1,Phyllodoce/Vaccinium/Cassiope,PVC,phy/vac/cas,1588,1,TM,2,TM-6,,1,10,5,20,0.5,,0.5,5,,,5,,10,,,,0.5,,,,,,,,0.5,,,,,,,,,,,,5,,,,,,,,,,5,,,,,,,,,0.5,,0.5,1,0.5,,,,,,,,,,,,,,,5,,
2024-08-03,"NH, AD","NH, PE, AD, CW",,far,1,Phyllodoce/Vaccinium/Cassiope,PVC,phy/vac/cas,1588,1,TM,3,TM-6,,0.5,,,10,,0.5,0.5,1,,,,1,10,,,,5,,,,,,1,,0.5,,,,,,,,,,,,25,,,,,,,,,,1,,,,,,1,0.5,,,,5,10,,,,,,,,,,,,,,,,,,
2024-08-03,"NH, AD","NH, PE, AD, CW",,far,1,Phyllodoce/Vaccinium/Cassiope,PVC,phy/vac/cas,1588,1,TM,4,TM-6,,,5,,1,,0.5,0.5,0.5,,,,,15,,,,1,,,,,,,,1,,,,,,,,,,,,30,,,,,,,,,,,,,,,,,,,,,5,25,1,,,,,,,,,,,,,,,,,
2024-08-03,"NH, AD","NH, PE, AD, CW",,far,1,Phyllodoce/Vaccinium/Cassiope,PVC,phy/vac/cas,1588,1,TM,5,TM-6,,,5,,,,0.5,1,0.5,,0.5,,,10,,,,5,,,,,,30,,1,,1,,,,5,,,,,,30,,,,,,,,,,5,,,,,,,,,,,5,10,,,,,,,,,,,,,,,,,,
2024-08-03,"NH, AD","NH, PE, AD, CW",,far,1,Phyllodoce/Vaccinium/Cassiope,PVC,phy/vac/cas,1588,1,TM,6,TM-6,,,5,,15,,,,,,0.5,,,15,,,,10,,,,,,30,,,,,,,,5,,,,,,,,,,,,,,,,,,,,,,,,,,,1,10,,,,,,,,,,,,,,,,,,
2024-08-03,"NH, AD","NH, PE, AD, CW",,far,1,Phyllodoce/Vaccinium/Cassiope,PVC,phy/vac/cas,1588,1,TM,7,TM-6,,,10,1,25,,,0.5,0.5,,,0.5,,15,,,,15,,,,,,20,,,,,,,,0.5,,,,,,5,,,,,,,,,,,,,,,,,,,5,,,10,0.5,,,,,,,,,,,,,,,,,
2024-08-03,"NH, AD","NH, PE, AD, CW",ABILAS 1 sapling,far,1,Phyllodoce/Vaccinium/Cassiope,PVC,phy/vac/cas,1588,1,TM,8,TM-6,,0.5,15,15,30,5,,,1,,,,,1,,,,5,,,,,,15,,,,,,,,15,,,,,,,,,,,,,,,,,,,,,,,,,,,,,,,,,,,,,,,,,,,,,,
2024-08-03,"NH, AD","NH, PE, AD, CW",ABILAS 1 sapling,far,1,Phyllodoce/Vaccinium/Cassiope,PVC,phy/vac/cas,1588,1,TM,9,TM-6,,0.5,15,15,5,50,,,,,0.5,,,,,,,,,,,,70,5,,,,,,,,5,,,,,,,,,,,,,5,,,,,,,,,,,,,,,,,,,,,,,,,,,,,,,,,
2024-08-03,"NH, AD","NH, PE, AD, CW",,far,1,Phyllodoce/Vaccinium/Cassiope,PVC,phy/vac/cas,1588,1,TM,10,TM-6,,10,20,20,20,,,,,,,5,,,,,,,,,,,,,1,,,,,,,,,,,,,,,,,,,,5,,,1,,,,,,,10,,1,,,1,,,,,,,,,,,,,,,10,10,,
2024-08-02,SW,"NH, TM, CW",DIPSIT is trampled,near,0,Phyllodoce/Vaccinium/Cassiope,PVC,phy/vac/cas,1668.5,1,TM,1,TM-7,,5,0.5,5,20,,,,,,,,,,,,,,,,,,,,,,,,,,,,,,,,,,,,,,,,1,,,,,,,,,,,,,,,,,,,,,,,,,,,,,,,,70,
2024-08-02,SW,"NH, TM, CW",,near,0,Phyllodoce/Vaccinium/Cassiope,PVC,phy/vac/cas,1668.5,1,TM,2,TM-7,,1,1,1,5,,,,0.5,,,,,,,,,,,,,,,,,,,,,,,,,,,,,,,,,,,,5,,,,,,,,,,,,,,,,,,,,,,,,,,,,,,,,90,
2024-08-02,SW,"NH, TM, CW",ABILAS 1 sapling,near,0,Phyllodoce/Vaccinium/Cassiope,PVC,phy/vac/cas,1668.5,1,TM,3,TM-7,,5,10,10,30,0.5,0.5,,,,,,,,,5,,,,,,,,,,,,,,,,,,,,,,,,,,,,,1,,,,,,,,,,,,,,,,,,,,,,,,,,,,,,,,65,
2024-08-02,SW,"NH, TM, CW","ABILAS 2 sapling, 1 seedling",near,0,Phyllodoce/Vaccinium/Cassiope,PVC,phy/vac/cas,1668.5,1,TM,4,TM-7,,10,25,35,50,5,,,,,,,,,,,,,,,,,,,,,,,,,,,,,,,,,,,,,,,1,,,,,,,,,,,,,,,,,,,,,,,,,,,,,,,10,15,
2024-08-02,SW,"NH, TM, CW",,near,0,Phyllodoce/Vaccinium/Cassiope,PVC,phy/vac/cas,1668.5,1,TM,5,TM-7,,5,15,20,15,,,,,,,,,,,,,,,,,,,,,,,,,,,,,,,,,,,,,,,,10,,,,,,,,,,,,,,,,,,,,,,,,,,,,,,,,60,
2024-08-02,SW,"NH, TM, CW",,near,0,Phyllodoce/Vaccinium/Cassiope,PVC,phy/vac/cas,1668.5,1,TM,6,TM-7,,5,5,15,25,,,,,,,,,,,,,,,,,,,,,,,,,,,,,,,,,,,,,,,,25,,,,,,,,,,,,,,,,,,,,,,,,,,,,,,,,50,
2024-08-02,SW,"NH, TM, CW","ABILAS 1 sapling/ TSUMER 1 sapling/CARPYR could be CARNIG, unsure",near,0,Phyllodoce/Vaccinium/Cassiope,PVC,phy/vac/cas,1668.5,1,TM,7,TM-7,,10,20,20,40,5,,0.5,1,,,,,,,25,,,,,,,10,,5,,,,,,,,,,,,,,,,,,,,,,,,,,,,,,,,,,,,,,,,,,,,,,,,,,,,30,
2024-08-02,SW,"NH, TM, CW",,near,0,Phyllodoce/Vaccinium/Cassiope,PVC,phy/vac/cas,1668.5,1,TM,8,TM-7,,20,35,25,45,,,,,,,,,,,10,,,,,,,,,0.5,,,,,,,,,,,,,,,,,,,,,,,,,,,,,,,,,,,,,,,,,,,,,,,,,,,,30,
2024-08-02,SW,"NH, TM, CW",bare soil has some litter,near,0,Phyllodoce/Vaccinium/Cassiope,PVC,phy/vac/cas,1668.5,1,TM,9,TM-7,,10,20,20,25,,,,,,,,,,,,,,,,,,,,,,,,,,,,,,,,,,,,,,,,,,,,,,,,,,,,,,,,,,,,,,,,,,,,,,,,40,
2024-08-02,SW,"NH, TM, CW",bare soil has some litter,near,0,Phyllodoce/Vaccinium/Cassiope,PVC,phy/vac/cas,1668.5,1,TM,10,TM-7,,10,35,30,30,,,,,,,,,,,,,,,,,,,,,,,,,,,,,,,,,,,,,,,,,,,,,,,,,,,,,,,,,,,,,,,,,,,,,,,,35,
2024-08-02,TM,"TM, NK, CW ",ABILAS 2 saplings/ TSUMER 1 sapling,far,1,Phyllodoce/Vaccinium/Cassiope,PVC,phy/vac/cas,1668.5,1,TM,1,TM-8,,5,15,30,5,1,,0.5,0.5,,,,,,,,,,,,,,5,,,,,,,,,,,,,,,,,,,,,,,,,,,,,,,,15,,,,,,,,,,,,,,,,,,,,10,15,,
2024-08-02,TM,"TM, NK, CW ","small amounts of laphozia in early quadrats, forgot to record",far,1,Phyllodoce/Vaccinium/Cassiope,PVC,phy/vac/cas,1668.5,1,TM,2,TM-8,,5,15,10,10,,,,,,,,,,,,,,,,,,,,,,,,,,,,,,,,,,,,,,,,,,,,,,,,,,,,5,,,,,,,,,,,,,,,,,,15,10,,
2024-08-02,TM,"TM, NK, CW ",ABILAS 1 sapling// CRUST lots of cladonia,far,1,Phyllodoce/Vaccinium/Cassiope,PVC,phy/vac/cas,1668.5,1,TM,3,TM-8,,1,10,15,15,0.5,0.5,,0.5,,,,,,,,,,,,,,,,,,,,,,,,,,,,,,,,,,,,,,,,,,,,,,1,,,,,,,,,,,,,,,,,,,,20,10,,
2024-08-02,TM,"TM, NK, CW ",,far,1,Phyllodoce/Vaccinium/Cassiope,PVC,phy/vac/cas,1668.5,1,TM,4,TM-8,,1,15,15,5,,,,0.5,,,,,,,,,,,,,,,,,,,,,,,,,,,,,,,,,,,,,,,,,,,,,,5,,,,,,,,,,,,,,,,,,,,5,10,,
2024-08-02,TM,"TM, NK, CW ",ABILAS 2 saplings,far,1,Phyllodoce/Vaccinium/Cassiope,PVC,phy/vac/cas,1668.5,1,TM,5,TM-8,,1,10,15,15,0.5,,,0.5,,,,,,,,,,,,,,,,,,,,,,,,,,,,,,,,,,,,,,,,,,,,,,10,,,,,,,,,,,,,,,,,,,,15,10,,
2024-08-02,TM,"TM, NK, CW ",At least one individual near this transect (far) was Vac. delic - see https://inaturalist.ca/observations/177010394 and Tricky garibaldi plants,far,1,Phyllodoce/Vaccinium/Cassiope,PVC,phy/vac/cas,1668.5,1,TM,6,TM-8,,1,5,10,5,,,,0.5,,,,,,,,,,,,,,,,,,,,,,,,,,,,,,,,,,,,,,,,,,,,,,5,,,,,,,,,,,,,,,,,,,,10,20,,
2024-08-02,TM,"TM, NK, CW ",,far,1,Phyllodoce/Vaccinium/Cassiope,PVC,phy/vac/cas,1668.5,1,TM,7,TM-8,,5,25,45,15,,,,,,,,,,,,,,,,,,,,,,,,,,,,,,,,,,,,,,,,,,,,,,,,,,20,,,,,,,,,,,,,,,,,,,,15,25,,
2024-08-02,TM,"TM, NK, CW ",,far,1,Phyllodoce/Vaccinium/Cassiope,PVC,phy/vac/cas,1668.5,1,TM,8,TM-8,,15,30,50,25,,,,,,,,,,,,,,,,,,,,,,,,,,,,,,,,,,,,,,,,,,,,,,,,,,15,,,,,,,,,,,,,,,,,,,,5,25,,
2024-08-02,TM,"TM, NK, CW ",,far,1,Phyllodoce/Vaccinium/Cassiope,PVC,phy/vac/cas,1668.5,1,TM,9,TM-8,,5,20,30,25,,,,,,,,,,,,,,,,,,,,,,,,,,,,,,,,,,,,,,,,,,,,,,,,,,,,,,,,,,,,,,,,,,,,,,,45,,
2024-08-02,TM,"TM, NK, CW ","TSUMER overhanging, rooted outside of quadrat",far,1,Phyllodoce/Vaccinium/Cassiope,PVC,phy/vac/cas,1668.5,1,TM,10,TM-8,,,15,5,20,,,,,,,,,,,,,,,,,,20,,,,,,,,,,,,,,,,,,,,,,,,,,,,,,,,,,,,,,,,,,,,,,,,,,,,,60,,
2024-08-03,AD,"AD, PE, CW",some rocks and litter,near,0,Phyllodoce/Vaccinium,PV,vac/phy,1698.2,2,BT,1,BT-9,,5,10,,10,,,,,,,,,,,,,,,,,,,,,,,,,,,,,,,,,,,,,,,,,,,5,,,,,,,,,,,,,,1,,,,,,,,,,,,,,,50,
2024-08-03,AD,"AD, PE, CW",,near,0,Phyllodoce/Vaccinium,PV,vac/phy,1698.2,2,BT,2,BT-9,,1,5,,,,,,,,,,0.5,,,,,,,,,,,,,,,,,,,,,,,,,,,,,,,,,,,5,,,,,,,,,,,,,,,,,,,,,,,,,,,,,90,
2024-08-03,AD,"AD, PE, CW",,near,0,Phyllodoce/Vaccinium,PV,vac/phy,1698.2,2,BT,3,BT-9,,10,10,,,,0.5,,,,,,0.5,,,,,,,,,,,,,,,,,,,,,,,,,,,,,,,,,,,,,,,,,,,,,,,,,,,,,,,,,,,,,,,,70,
2024-08-03,AD,"AD, PE, CW",,near,0,Phyllodoce/Vaccinium,PV,vac/phy,1698.2,2,BT,4,BT-9,,15,10,,,,0.5,,,,,,0.5,,,,,,,,,,,,,,,,,,,,,,,,,,,,,,,,,,,1,,,,,,,,,,,,,,,,,,,,,,,,,,,,,60,
2024-08-03,AD,"AD, PE, CW",,near,0,Phyllodoce/Vaccinium,PV,vac/phy,1698.2,2,BT,5,BT-9,,25,15,,,,1,,0.5,,,,0.5,,,,,,1,,,,,,,,,,,,,,,,,,,,,,,,,,,,,1,,,,,,,,,,,,,,,,,,,,,,,,,,,,,40,
2024-08-03,AD,"AD, PE, CW",,near,0,Phyllodoce/Vaccinium,PV,vac/phy,1698.2,2,BT,6,BT-9,,15,20,,10,,,,0.5,,,,,,,,,,,,,,,,,,,,,,,,,,,,,,,,,,,,,,,0.5,,,,,,,,,,,,,,,,1,,,,,,,,,,,,,30,
2024-08-03,AD,"AD, PE, CW",DIPA was starred (unsure what/why),near,0,Phyllodoce/Vaccinium,PV,vac/phy,1698.2,2,BT,7,BT-9,,10,15,,15,,,,,,,,,,,,,,,,,,,,,,,,,,,,,,,,,,,,,,,,,,,,,,,,,,5,,,,,,,0.5,,,0.5,,,,,,,,,,,,30,
2024-08-03,AD,"AD, PE, CW",DIPA was starred (unsure what/why),near,0,Phyllodoce/Vaccinium,PV,vac/phy,1698.2,2,BT,8,BT-9,,15,15,,10,,,,,,,,,,,,,,,,,,,,,,,,,,,,,,,,,,,,,,,,,,,,,,,,,,1,,,,,,,,,,0.5,,,,,,,,,,,,30,
2024-08-03,AD,"AD, PE, CW",,near,0,Phyllodoce/Vaccinium,PV,vac/phy,1698.2,2,BT,9,BT-9,,20,15,,15,,,,,,,,,,,,,,,,,,,,,,,,,,,,,,,,,,,,,,,,,,,,,,,,,,1,,,,,,,0.5,,,,,,,,,,,,,,,15,
2024-08-03,AD,"AD, PE, CW",,near,0,Phyllodoce/Vaccinium,PV,vac/phy,1698.2,2,BT,10,BT-9,,5,10,,20,,,,0.5,,,,0.5,,,,,,,,,,,,,,,,,,,,,,,,,,,,,,,,,,,,,,,,,,,,,,,,,0.5,,,,,,,,,,,,,,,35,
2024-08-03,TM,"TM, NK, CW",,far,1,Phyllodoce/Vaccinium,PV,vac/phy,1698.2,2,BT,1,BT-10,,,30,,15,,,,,,,,,,,,,,,,,,,,,,,,,,,,,,,,,,,,,,,,,,,,,,0.5,,,,5,,,,,,,,,,,,,,,0.5,,,,,,80,,
2024-08-03,TM,"TM, NK, CW",,far,1,Phyllodoce/Vaccinium,PV,vac/phy,1698.4,2,BT,2,BT-10,,,25,,10,,,,0.5,,,,,,,,,,,,,,,,,,,,,,,,,,,,,,,,,,,,,,,,,,,,,,1,,,,,,,,1,,0.5,,,,,,,,,,,80,,
2024-08-03,TM,"TM, NK, CW",,far,1,Phyllodoce/Vaccinium,PV,vac/phy,1698.4,2,BT,3,BT-10,,,15,,20,,,,,,,,,,,,,,,,,,,,,,,,,,,,,,,,,,,,,,,,,,,,,,1,,,,1,,,,,,,,5,,1,,,,,,,,,,,60,,
2024-08-03,TM,"TM, NK, CW",,far,1,Phyllodoce/Vaccinium,PV,vac/phy,1698.4,2,BT,4,BT-10,,1,10,,30,,,,,,,,,,0.5,,,,0.5,,,,,,,,,,,,,,,,,,,,,,,,,,,,,,,,,,,0.5,5,,,,,,,,,,,,,,,,,,,,,60,,
2024-08-03,TM,"TM, NK, CW",,far,1,Phyllodoce/Vaccinium,PV,vac/phy,1698.4,2,BT,5,BT-10,,5,5,,20,,0.5,,,,,,,,0.5,0.5,,,5,,,,,,,,,,,,,,,,,,,,,,,,,,,,,,,,,,,,5,,,,,,,,,,,,,,,,,,,,,,,
2024-08-03,TM,"TM, NK, CW",,far,1,Phyllodoce/Vaccinium,PV,vac/phy,1698.4,2,BT,6,BT-10,,1,35,,15,,,,,,,,,,0.5,1,,,0.5,,,,,,,,,,,,,,,,,,,,,,,,,,,,,,,,,,,,0.5,,,,,,,,,,,,,,,,,,,,,70,,
2024-08-03,TM,"TM, NK, CW",,far,1,Phyllodoce/Vaccinium,PV,vac/phy,1698.4,2,BT,7,BT-10,,0.5,45,,1,,,,,,,,,,,,,,,,,,,,,,,,,,,,,,,,,,,,,,,,,,,,,,,,,,0.5,,,0.5,,,,,,,,,,,,,,,,,,80,,
2024-08-03,TM,"TM, NK, CW",,far,1,Phyllodoce/Vaccinium,PV,vac/phy,1698.4,2,BT,8,BT-10,,1,40,,5,,,,,,,,0.5,,,,,,,,,,,,,,,,,,,,,,,,,,,,,,,,,,,,,,,,,,1,,,1,,,,,,,,,,,,,,,,,,70,,
2024-08-03,TM,"TM, NK, CW",,far,1,Phyllodoce/Vaccinium,PV,vac/phy,1698.4,2,BT,9,BT-10,,1,30,,15,,,,,,,,,,,,,,,,,,,,,,,,,,,,,,,,,,,,,,,,,,,,,,,,,,10,,,,,,,,,,,,,,,,,,,,,60,,
2024-08-03,TM,"TM, NK, CW","unidentified bryophyte species, too decayed to identify (<1)",far,1,Phyllodoce/Vaccinium,PV,vac/phy,1698.4,2,BT,10,BT-10,,1,10,,5,,,,,,,,,,,,,,,,,,,,,,,,,,,,,,,,,,,,,,,,,,,,,,,,,,1,,,,,,,,,,,,,,,,,,,,,70,,
2024-07-26,ND,"TM, PE, ND",,near,0,Phyllodoce/Vaccinium,PV,phy/vac,1723.8,2,BT,1,BT-11,,0.5,10,,50,,,,,,,,0.5,,,,,,,,,,,,,,,,,,,,,,,,,,,,,,,,,,5,,,,,,,,,,,,,,,,,,,,,,,,,,,,,1,5,
2024-07-26,ND,"TM, PE, ND",,near,0,Phyllodoce/Vaccinium,PV,phy/vac,1723.8,2,BT,2,BT-11,,,20,,30,,,,,,,,,,,0.5,,,,,,,,,,,,,,,,,,,,,,,,,,,,,,,5,,,,,,,,,,,,,,,,,,,,,,,,,,,,,5,10,
2024-07-26,ND,"TM, PE, ND",,near,0,Phyllodoce/Vaccinium,PV,phy/vac,1723.8,2,BT,3,BT-11,,,15,,25,,,,,,,,,,0.5,,,,,,,,,,,,,,,,,,,,,,,,,,,,,,,,,,,,,,,,,,,,,,,,,,,0.5,,,,,,,,,,10,20,
2024-07-26,ND,"TM, PE, ND",,near,0,Phyllodoce/Vaccinium,PV,phy/vac,1723.8,2,BT,4,BT-11,,,5,,25,,,,,,,,0.5,,0.5,,,,,,,,,,,,,,,,,,,,,,,,,,,,,,,,,,,,,,,,,,,,,,,,,,,0.5,,,,,,,,,,1,60,
2024-07-26,ND,"TM, PE, ND",,near,0,Phyllodoce/Vaccinium,PV,phy/vac,1723.8,2,BT,5,BT-11,,,5,,,,,,,,,,,,,,,,,,,,,,,,,,,,,,,,,,,,,,,,,,,,,,,,,,,,,,,,,,,,,,,,,,,,,,,,,1,80,10
2024-07-26,ND,"TM, PE, ND",,near,0,Phyllodoce/Vaccinium,PV,phy/vac,1723.8,2,BT,6,BT-11,,,10,,5,,,,,,,,1,,,,,,,,,,,,,,,,,,,,,,,,,,,,,,,,,,,,,,,,,,,,,,,,,,,,,,,,,,,,,,,0.5,5,70
2024-07-26,ND,"TM, PE, ND",ABILAS 1 individual,near,0,Phyllodoce/Vaccinium,PV,phy/vac,1723.8,2,BT,7,BT-11,,,5,,10,25,,,,,,,,,,,,,,,,,,,,,,,,,,,,,,,,,,,,,,,,,,,,,,,,,,,,,,,,,,,,,,,,,,,,,,1,30,40
2024-07-26,ND,"TM, PE, ND",,near,0,Phyllodoce/Vaccinium,PV,phy/vac,1723.8,2,BT,8,BT-11,,,5,,5,1,,,,,,,,,,,,,,,,,,,,,,,,,,,,,,,,,,,,,,,,,,,,,,,,,,,,,,,,,,,,,,,,,,,,,,10,50,5
2024-07-26,ND,"TM, PE, ND",,near,0,Phyllodoce/Vaccinium,PV,phy/vac,1723.8,2,BT,9,BT-11,,,5,,5,,,,,,,,,,,,,,,,,,,,,,,,,,,,,,,,,,,,,,,,,,,,,,,,,,,,,,,,,,,,,0.5,,,,,,,,,,20,70,10
2024-07-26,ND,"TM, PE, ND",ABILAS 1 sapling,near,0,Phyllodoce/Vaccinium,PV,phy/vac,1723.8,2,BT,10,BT-11,,,40,,,70,,0.5,,,,,,,1,,,,,,,,,,,,,,,,,,,,,,,,,,,,,,,10,,,,,,,,,,,,,,,,,,,,,,,,,,,,,,80,5,
2024-07-26,SW,"NH, confirmation by TM in a couple of instances",some disturbance by trampling/slope processes,far,1,Phyllodoce/Vaccinium,PV,phy/vac,1722,2,BT,1,BT-12,,,10,,15,,,0.5,,,,,,,,,,,,,,,,,,,,,,,,,,,,,,,,,,,,,,,,,,,,,,,,,,,,,,,,,,0.5,,,,,,,,,,70,,
2024-07-26,SW,"NH, confirmation by TM in a couple of instances",some disturbance by trampling/slope processes,far,1,Phyllodoce/Vaccinium,PV,phy/vac,1722,2,BT,2,BT-12,,,25,,40,,,,,,,,,,10,,,,,,,,,,,,,,,,,,,,,,,,,,,,,,,,,,,,,,,,,,,,,,,,,,,,,,,,,,,,,25,,
2024-07-26,SW,"NH, confirmation by TM in a couple of instances","ABILAS 2 saplings/ some cryptogamic crust, some disturbance by trampling/slope processes",far,1,Phyllodoce/Vaccinium,PV,phy/vac,1722,2,BT,3,BT-12,,,20,,60,5,,,,,,,,,,,,,,,,,,,,,,,,,,,,,,,,,,,,,,,,,,,,,,,,,,,,,,,,,,,,,,,,,,,,,,20,,
2024-07-26,SW,"NH, confirmation by TM in a couple of instances","ABILAS 1 sapling, some disturbance by trampling/slope processes",far,1,Phyllodoce/Vaccinium,PV,phy/vac,1722,2,BT,4,BT-12,,,20,,80,5,,,,,,,,,,,,,5,,,,,,,,,,,,,,,,,,,,,,,,,,,,,,,,,,,,,,,,,,,,,,,,,,,,,,,,,15,,
2024-07-26,SW,"NH, confirmation by TM in a couple of instances",,far,1,Phyllodoce/Vaccinium,PV,phy/vac,1722,2,BT,5,BT-12,,,15,,25,,,0.5,,0.5,,,0.5,,,20,,,,,,,,,,,,,,,,,,,,,,,,,,,,,,,,,,,,,,,,,,,,,,,,,,,,,,,,,,,,60,,
2024-07-26,SW,"NH, confirmation by TM in a couple of instances",ABILAS 2 saplings,far,1,Phyllodoce/Vaccinium,PV,phy/vac,1722,2,BT,6,BT-12,,,30,,,10,,,,,,,0.5,,5,5,,,1,,,,,,,,,,,,,,,,,,,,,,,,,,,,,,,,,,,,,,,,,,,,,,,0.5,,,,,,,,,,45,,
2024-07-26,SW,"NH, confirmation by TM in a couple of instances",ABILAS 1 sapling & 1 branch,far,1,Phyllodoce/Vaccinium,PV,phy/vac,1722,2,BT,7,BT-12,,,45,,,20,,,,,,,,,15,1,,,1,,,,,,,,,,,,,,,,,,,,,,,,,,,,,,,,,,,,,,,,,,,,,,,,,,,,,,,,,15,,
2024-07-26,SW,"NH, confirmation by TM in a couple of instances",ABILAS 4 saplings & branches,far,1,Phyllodoce/Vaccinium,PV,phy/vac,1722,2,BT,8,BT-12,,,15,,,80,,,,,,,,,10,,,,1,,,,,,,,,,,,,,,,,,,,,,,,,,,,,,,,,,,,,,,,,,,,,,,,,,,,,,,,,10,,
2024-07-26,SW,"NH, confirmation by TM in a couple of instances",ABILAS 6 saplings & branches,far,1,Phyllodoce/Vaccinium,PV,phy/vac,1722,2,BT,9,BT-12,,,60,,,60,,,,,,,,,,5,,,,,,,,,,,,,,,,,,,,,,,,,,,,,,,,,,,,,,,,,,,,,,,,,,,,,,,,,,,,15,,
2024-07-26,SW,"NH, confirmation by TM in a couple of instances",ABILAS 7 saplings,far,1,Phyllodoce/Vaccinium,PV,phy/vac,1722,2,BT,10,BT-12,,,40,,,60,,,,,,,,,,,,,,,,,,,,,,,,,,,,,,,,,,,,,,,,,,,,,,,,,,,,,,,,,,,,0.5,,,,,,,,,,10,,
2024-07-26,"TM, NH (moss revisions)","NH, confirmation by TM in a couple of instances; NH, CW returned to confirm mosses on Aug 02",* CW returned with NH on Aug 3 to id mosses; soil is disturbed,near,0,Vaccinium/Cassiope/Carex,VCC,cas/vac/car,1740.2,2,BT,1,BT-13,,10,10,,,,,0.5,,,,,5,,,1,,,0.5,,,,,,,,,,,,,,,,,,,,,,,,,,,,,,,,,,,,,,,,,,,,,,,,0.5,,,,,,,,,,70,
2024-07-26,"TM, NH (moss revisions)","NH, confirmation by TM in a couple of instances; NH, CW returned to confirm mosses on Aug 03",ABILAS 1 individual (probably seedling),near,0,Vaccinium/Cassiope/Carex,VCC,cas/vac/car,1740.2,2,BT,2,BT-13,,10,5,,,0.5,,1,,,,,1,,,,,,1,,,,,,,,,,,,,,,,,,,,,,,,,,,,,,,,,1,,,,,,,,,,,,,,,,0.5,0.5,,,,,,,,90,
2024-07-26,NH,"NH, confirmation by TM in a couple of instances; NH, CW returned to confirm mosses on Aug 04",plot is overlapping with quadract 2 (bent transect tape),near,0,Vaccinium/Cassiope/Carex,VCC,cas/vac/car,1740.2,2,BT,3,BT-13,,10,15,,,,,0.5,,,,,1,,,0.5,,,,,,,,,,,,,,,,,,,,,,,,,,,,,,,,,,,,0.5,,,,,,,,,,,,,,,,,,0.5,,,,,,,70,
2024-07-26,NH,"NH, confirmation by TM in a couple of instances; NH, CW returned to confirm mosses on Aug 05",SOIL some litter cover,near,0,Vaccinium/Cassiope/Carex,VCC,cas/vac/car,1740.2,2,BT,4,BT-13,,15,15,,,,,0.5,,,,,5,,1,5,,,,,,0.5,,,,,,,,,,,,,,,,,,,,,,,,,,,,,,,,,,,,,,,,,,,,,,,,,,,,,,,35,
2024-07-26,NH,"NH, confirmation by TM in a couple of instances; NH, CW returned to confirm mosses on Aug 06",ABILAS 1 seedling,near,0,Vaccinium/Cassiope/Carex,VCC,cas/vac/car,1740.2,2,BT,5,BT-13,,15,15,,,0.5,,0.5,,,,,5,,,0.5,,,,,,,,,,,,,,,,,,,,,,,,,,,,,,,,,,,,,,,,,,,,,,,,,,,,,,,,,,,,10,25,
2024-07-26,NH,"NH, confirmation by TM in a couple of instances; NH, CW returned to confirm mosses on Aug 07",ABILAS 2 saplings,near,0,Vaccinium/Cassiope/Carex,VCC,cas/vac/car,1740.2,2,BT,6,BT-13,,30,15,60,,30,,,,,,,,,,5,,,0.5,,,,,,,,,,,,,,,,,,,,,,,,,,,,,,,,,0.5,,,,,,,,,,,,,,,,,,,,,,,,,45,
2024-07-26,NH,"NH, confirmation by TM in a couple of instances; NH, CW returned to confirm mosses on Aug 08",ABILAS 8 saplings,near,0,Vaccinium/Cassiope/Carex,VCC,cas/vac/car,1740.2,2,BT,7,BT-13,,35,15,0.5,,10,,,,,,,1,,,5,,,1,,,,,,,,,,,,,,,,,,,,,,,,,,,,,,,,,,,,,,,,,,,,,,,,,,,,,,,,,,20,
2024-07-26,NH,"NH, confirmation by TM in a couple of instances; NH, CW returned to confirm mosses on Aug 09",ABILAS 1 sapling,near,0,Vaccinium/Cassiope/Carex,VCC,cas/vac/car,1740.2,2,BT,8,BT-13,,10,5,30,,5,,,,,,,0.5,,,,,,1,,,0.5,,,,,,,,,,,,,,,,,,,,,,,,,,,,,,,,,,,,,,,,0.5,,,,,,,,,,,,,,,50,
2024-07-26,NH,"NH, confirmation by TM in a couple of instances; NH, CW returned to confirm mosses on Aug 10",ABILAS 2 saplings,near,0,Vaccinium/Cassiope/Carex,VCC,cas/vac/car,1740.2,2,BT,9,BT-13,,1,5,70,,1,,,,,,,1,,1,1,,,5,,,,,,,,,,,,,,,,,,,,,,,,,,,,,,,,,,,,,,,,,,,,,,,,,,,,,,,,,,20,
2024-07-26,NH,"NH, confirmation by TM in a couple of instances; NH, CW returned to confirm mosses on Aug 11",ABILAS 2 seedlings & 2 saplings & 1 overhanging SOIL has litter,near,0,Vaccinium/Cassiope/Carex,VCC,cas/vac/car,1740.2,2,BT,10,BT-13,,5,30,45,,35,,0.5,,0.5,,,0.5,,5,0.5,,,10,,,,,,,,,,,,,,,,,,,,,,,,,,,,,,,,,0.5,,,,,,,,,,,,,,,,,,,,,,,,,15,
2024-07-26,"TM, NH (moss revisions)","TM, PE, CW","* CW returned with NH, Aug 3 to id mosses; racomitrium species name, we can not read!",far,1,Vaccinium/Cassiope/Carex,VCC,cas/phy/vac,1742.7,2,BT,1,BT-14,,1,1,25,0.5,15,,0.5,,,,,,,5,10,,,1,,,,,,,,,,,,5,,,,,,,,,,,,,,,,,1,0.5,,,0.5,,,1,,,5,,,,,,,,,,,,,,,,,,25,,
2024-07-26,"TM, NH (moss revisions)","TM, PE, CW",,far,1,Vaccinium/Cassiope/Carex,VCC,cas/phy/vac,1742.7,2,BT,2,BT-14,,,1,50,50,,,,,,,,0.5,,,0.5,,,1,,,,,,,,,,,,,,,,,,,,,,,,,,,,,,,,,,,,,,,,,,,,,,,,,,,,,,,,,,,
2024-07-26,"TM, NH (moss revisions)","TM, PE, CW",,far,1,Vaccinium/Cassiope/Carex,VCC,cas/phy/vac,1742.7,2,BT,3,BT-14,,,1,1,90,,,,,,,,,,1,,,,1,,,,,,,,,,,,,,,,,,,,,,,,,,,,,,,,,,,,,,,,,,,,,,,,,,,,,,,,,,,
2024-07-26,"TM, NH (moss revisions)","TM, PE, CW",,far,1,Vaccinium/Cassiope/Carex,VCC,cas/phy/vac,1742.7,2,BT,4,BT-14,,1,5,15,25,,0.5,,,,,,,,1,0.5,,,0.5,,,,,,,,,,,,,,,,,,,,,,,,,,,,,,,,,,,,1,,,1,,,,,1,,,,,,,,,,,,,10,10,
2024-07-26,"TM, NH (moss revisions)","TM, PE, CW",,far,1,Vaccinium/Cassiope/Carex,VCC,cas/phy/vac,1742.7,2,BT,5,BT-14,,1,1,70,,,,,,,,,,,5,0.5,,,0.5,,,,,,,,,,,,,,,,,,,,,,,,,,,,,,,,,,,,,,,,,,,,,,,,,,,,,,,,,10,5,
2024-07-26,"TM, NH (moss revisions)","TM, PE, CW",ABILAS 4 saplings,far,1,Vaccinium/Cassiope/Carex,VCC,cas/phy/vac,1742.7,2,BT,6,BT-14,,1,5,70,,0.5,,,,,,,0.5,,1,1,,,0.5,,,0.5,,,,,,,,,,,,,,,,,,,,,,,,,,,,,,,,,,,,,,,,,,,,,,,,,,,,,,5,5,
2024-07-26,"TM, NH (moss revisions)","TM, PE, CW",ABILAS 6 saplings,far,1,Vaccinium/Cassiope/Carex,VCC,cas/phy/vac,1742.7,2,BT,7,BT-14,,1,15,40,,5,,,,,,,0.5,,,1,,,0.5,,,0.5,,,,,,,,,,,,,,,,,,,,,,,,,,,2,,,1,,,,,,,,,,,,,,,,,,,,,,,,10,10,
2024-07-26,"TM, NH (moss revisions)","TM, PE, CW",ABILAS 3 saplings,far,1,Vaccinium/Cassiope/Carex,VCC,cas/phy/vac,1742.7,2,BT,8,BT-14,,0.5,10,10,,1,0.5,,,,,,0.5,,10,0.5,,,0.5,,,,,,,,,,,,,,,,,,,,,,,,,,,,,1,0.5,,,0.5,,,,,,,,,,1,,,,,,,,,,,,,,,10,
2024-07-26,"TM, NH (moss revisions)","TM, PE, CW",ABILAS 10 saplings,far,1,Vaccinium/Cassiope/Carex,VCC,cas/phy/vac,1742.7,2,BT,9,BT-14,,5,25,,,10,0.5,,,0.5,,,,,,0.5,,,,,,,,,,,,,,,,,,,,,,,,,,,,,,,,,0.5,,,0.5,,,,,,,,,,,,,,0.5,,,,1,,,,,,35,,
2024-07-26,"TM, NH (moss revisions)","TM, PE, CW",ABILAS 6 saplings,far,1,Vaccinium/Cassiope/Carex,VCC,cas/phy/vac,1742.7,2,BT,10,BT-14,,1,20,10,,10,0.5,,,0.5,,,,,,1,,,,,,0.5,,,,,,,,,,,,,,,,,,,,,,,,,,,0.5,,1,0.5,,,,,,,,,,,,,,0.5,,,,,,,,,,30,10,
2024-07-26,TM,"TM, PE",* moss is very sad and crusty :(,near,0,Phyllodoce/Cassiope,PC,car/phy/cas,1983.2,2,BT,1,BT-15,,1,,1,,,,,,,,,,,,,,,,,,,,,,,,,,,,,,,,,,,,,,,,,,,,,,,,,,,,,,,,,,,,,,,,,,,,,,,,,60,30
2024-07-26,TM,"TM, PE",,near,0,Phyllodoce/Cassiope,PC,car/phy/cas,1983.2,2,BT,2,BT-15,,0.5,,1,,,,,,,,,,,,,,,,,,,,,,,,,,,,,,,,,,,,,,,,,,,,,,,,,,,,,,,,,,,,,,,,,,,,,,,,5,50,35
2024-07-26,TM,"TM, PE",,near,0,Phyllodoce/Cassiope,PC,car/phy/cas,1983.2,2,BT,3,BT-15,,,,,,,,,,,,,,,,,0.5,,,,,,,,,,,,,,,,,,,,,,,,,,,,,,,,,,,,,,,,,,,,,,,,,,,,,,5,,,,,,60,30
2024-07-26,TM,"TM, PE",,near,0,Phyllodoce/Cassiope,PC,car/phy/cas,1983.2,2,BT,4,BT-15,,1,,0.5,,,,,,,,,,,,,0.5,,,,,,,,,,,,,0.5,,,,,,,,,,,,,,,,0.5,,,,,,,,,,,,,,,,,,,,,,,,,,,,,,,20,60
2024-07-26,TM,"TM, PE",,near,0,Phyllodoce/Cassiope,PC,car/phy/cas,1983.2,2,BT,5,BT-15,,,,1,,,,,,,,,,,,,,,,,,,,,,,,,,,,,,,,,,,,,,,,,,1,,,,,,,,,,,,,,,,,,,,,,,,,,,,,,,40,50
2024-07-26,TM,"TM, PE",,near,0,Phyllodoce/Cassiope,PC,car/phy/cas,1983.2,2,BT,6,BT-15,,1,,0.5,,,,,,,,,,,,,0.5,,,,,,,,,,,,,,,,,,,,,,,,,,,,,0.5,,,,,,,,,,,,,,,,,,,,,,,,,,,,,,,20,80
2024-07-26,TM,"TM, PE",,near,0,Phyllodoce/Cassiope,PC,car/phy/cas,1983.2,2,BT,7,BT-15,,5,,5,,,,,,,,,,,,,0.5,,,,,,,,,,,,,,,,,,,,,,,,,,,,,,,,,,,,,,,,,,,,,,,,,,,,,,,,,,,,25,35
2024-07-26,TM,"TM, PE",,near,0,Phyllodoce/Cassiope,PC,car/phy/cas,1983.2,2,BT,8,BT-15,,0.5,,1,,0.5,,,,,,,,,,,5,,,,,,,,,,,,,,,,,,,,,,,,,,,,,,,,,,,,,,,,,,,,,,,,,,,,,,,,,,,,40,25
2024-07-26,TM,"TM, PE",,near,0,Phyllodoce/Cassiope,PC,car/phy/cas,1983.2,2,BT,9,BT-15,,1,,1,,,,,,,,,,,,,1,,,,,,,,,,,,,,,,,,,,,,,,,,,,,,,,,,,,,,,,,,,,,,,,,,,,,,,,,,,,25,40
2024-07-26,TM,"TM, PE",,near,0,Phyllodoce/Cassiope,PC,car/phy/cas,1983.2,2,BT,10,BT-15,,0.5,,,,,,,,,,,,,,,,,,,,,,,,,,,,,,,,,,,,,,,,,,,,,,,,,,,,,,,,,,,,,,,,,,,,,,,,,,,60,30
2024-07-26,TM,"TM, PE",,far,1,Phyllodoce/Cassiope,PC,phy,1983.1,2,BT,1,BT-16,,5,,25,,25,,,,,,,,,,,,,,,,,,,,,,,,,,,,,,,,,,,,,,,,,,,1,,,,,,,,,1,,,,,,,,,,,,,,10,,,,25,,20
2024-07-26,TM,"TM, PE",,far,1,Phyllodoce/Cassiope,PC,phy,1983.1,2,BT,2,BT-16,,0.5,,30,,50,,,,,,,,,,,10,,,,,,,,,,,,,0.5,,,,,,,,,,,,,,,,1,0.5,,,,,,,,,,,,,,,,,,,,,,,,,1,,,,10,,25
2024-07-26,TM,"TM, PE",,far,1,Phyllodoce/Cassiope,PC,phy,1983.1,2,BT,3,BT-16,,0.5,,,,10,,,,,,,,,,,5,,,,,,,,,,,,,0.5,,,,,,,,,,,,,,,,0.5,,,,,,,,,,,,,,,,,,,,,,,,,,,1,,,5,,90
2024-07-26,TM,"TM, PE",,far,1,Phyllodoce/Cassiope,PC,phy,1983.1,2,BT,4,BT-16,,0.5,,,,,,,,,,,,,,,10,,,,,,,,,,,,,0.5,,,,,,,,,,,,,,,,5,,,,,,,,,,,,,,,,,,,,,,,,,,,,,,,20,35
2024-07-26,TM,"TM, PE",,far,1,Phyllodoce/Cassiope,PC,phy,1983.1,2,BT,5,BT-16,,0.5,,,,1,,,,,,,,,,,25,,,,,,,,,,,,,,,,,,,,,,,,,,,,,5,,,,,,,,,,,,,,,,,,,,,,,,,,,,,,,,50
2024-07-26,TM,"TM, PE",,far,1,Phyllodoce/Cassiope,PC,phy,1983.1,2,BT,6,BT-16,,,,,,,,,,,,,,,,,0.5,,,,,,,,,,,,,,,,,,,,,,,,,,,,,0.5,0.5,,,,,,,,,,,,,,,,,,,,,,,,,,,,,,,95
2024-07-26,TM,"TM, PE",,far,1,Phyllodoce/Cassiope,PC,phy,1983.1,2,BT,7,BT-16,,,,,,50,,,,,,,,,,,5,,,,,,,,,,,,,,,,,,,,,,,,,,,,,,,,,,,,,,,,,,,,,,,,,,,,,,,,,,,1,,60
2024-07-26,TM,"TM, PE",,far,1,Phyllodoce/Cassiope,PC,phy,1983.1,2,BT,8,BT-16,,,,,,,,,,,,,,,,,15,,,,,,,,,,,,,,,,,,,,,,,,,,,,,5,,,,,,,,,,,,,,,,,,,,,,,,,,,,,,,50,25
2024-07-26,TM,"TM, PE",,far,1,Phyllodoce/Cassiope,PC,phy,1983.1,2,BT,9,BT-16,,,,,,,,,,,,,,,,,10,,,,,,,,,,,,,0.5,,,,,,,,,,,,,,,,0.5,,,,,,,,,,,,,,,,,,,,,,,,,,,,,,,40,35
2024-07-26,TM,"TM, PE",,far,1,Phyllodoce/Cassiope,PC,phy,1983.1,2,BT,10,BT-16,,,,,,0.5,,,,,,,,,,,30,,,,,,,,,,,,,,,,,,,,,,,,,,,,,0.5,,,,,,,,,,,,,,,,,,,,,,,,,,,,,,,20,25
2024-07-27,ND,"NH, ND",ABILAS 2 seedlings/CARNIG is grp1 bi/many stones,near,0,Cassiope/Phyllodoce,CP,cas,1769.9,3,PR,1,PR-17,,10,,5,,0.5,0.5,,,,,,0.5,,,,,,,,0.5,,,,0.5,,,,,,,,,,,,,,,,,,,,0.5,,,,,,,,,,,,,,,,,,,,,,,,,,,,,,,,90,
2024-07-27,ND,"NH, ND",many stones,near,0,Cassiope/Phyllodoce,CP,cas,1769.9,3,PR,2,PR-17,,5,,,,,,,,,,,,,,,,,,,,,,,,,,,,,,,,,,,,,,,,,,,,,,,,,,,,,,,,,,,,,,,,,,,,,,,,,,,90,
2024-07-27,ND,"NH, ND",ABILAS 2 seedlings/ many stones,near,0,Cassiope/Phyllodoce,CP,cas,1769.9,3,PR,3,PR-17,,,,,,0.5,,,,,,,,,,,,,,,,,,,,,,,,,,,,,,,,,,,,,,,,,,,,,,,,,,,,,,,,,,,,,,,,,,,,,,,100,
2024-07-27,ND,"NH, ND",many stones,near,0,Cassiope/Phyllodoce,CP,cas,1769.9,3,PR,4,PR-17,,10,,,,,,,,,,,,,,,,,,,,,,,,,,,,,,,,,,,,,,,,,,,,,,,,,,,,,,,,,,,,,,,,,,,,,,,,0.5,,,90,
2024-07-27,ND,"NH, ND",,near,0,Cassiope/Phyllodoce,CP,cas,1769.9,3,PR,5,PR-17,,5,,1,,,0.5,,,,,,,,,,,,,,,0.5,,,10,,,,,,,,,,,,,,,,,,,,,5,,,,,,,,,,,,,,,,,,,,,,,,,,,,,,,80,
2024-07-27,ND,"NH, ND",,near,0,Cassiope/Phyllodoce,CP,cas,1769.9,3,PR,6,PR-17,,10,,,,,1,,,,,,5,,,,,,,,,,,,1,,,,0.5,,,,,,,,,,,,,,,,,,,,,,,,,,,,,,,,,,,,,,,,,,,,,,,,70,
2024-07-27,ND,"NH, ND",,near,0,Cassiope/Phyllodoce,CP,cas,1769.9,3,PR,7,PR-17,,15,,5,,,1,,,,,,25,,,,,,,,,,,,,,,,,,,,,,,,,,,,,,,,,,,,,,,,,,,,,,,,,,,,,,,,,,,,,,,,35,
2024-07-27,ND,"NH, ND",big rock,near,0,Cassiope/Phyllodoce,CP,cas,1769.9,3,PR,8,PR-17,,10,,45,,,0.5,,,,,,5,,,,,,,,,0.5,,,5,,,,,,,,,,,,,,,,,,,,15,,,,,,,,,,,,,,,,,,,,,,,,,,,,,,5,,20,
2024-07-27,ND,"NH, ND",,near,0,Cassiope/Phyllodoce,CP,cas,1769.9,3,PR,9,PR-17,,40,,,,,,,,,,,1,,,,,,,,,1,,,5,,,,,,,,,,,,,,,,,,,,5,,,,,,,,,,,,,,,,,,,,,,,,,,,,,,,,50,
2024-07-27,ND,"NH, ND",,near,0,Cassiope/Phyllodoce,CP,cas,1769.9,3,PR,10,PR-17,,1,,,,,,,,,,,,,,,,,,,,,,,,,,,,,,,,,,,,,,,,,,,,,,,,,,,,,,,,,,,,,,,,,,,,,,,,,,,95,
2024-07-27,TM,"TM, PE",ABILAS 11 tiny seedlings,far,1,Cassiope/Phyllodoce,CP,cas/phy,1769.9,3,PR,1,PR-18,,1,,5,1,0.5,0.5,,,,,,,0.5,0.5,,5,,,,0.5,,,,0.5,,0.5,,0.5,,,,,,,,,,,,,,,,20,15,,,,,,,,,,,,,,,,,,,,,,,,,,,,,5,1,,
2024-07-27,TM,"TM, PE",ABILAS 4 tiny seedlings,far,1,Cassiope/Phyllodoce,CP,cas/phy,1769.9,3,PR,2,PR-18,,5,,30,5,0.5,0.5,,,,,,,,,,,,,,0.5,,,,0.5,,0.5,,,,,,,,,,,,,,,,,,,15,,,,,,,,,,,,,,,,,,,,,,,,,,,,,1,5,,
2024-07-27,TM,"TM, PE",,far,1,Cassiope/Phyllodoce,CP,cas/phy,1769.9,3,PR,3,PR-18,,5,,20,5,,0.5,,,,,,,,,,,,,,0.5,,,,0.5,,,,,,,,,,,,,,,,,,,,,35,,,,,,0.5,,,,,,,,,,,,,,,,,,,,,,,1,1,,
2024-07-27,TM,"TM, PE",ABILAS 6 tiny seedlings,far,1,Cassiope/Phyllodoce,CP,cas/phy,1769.9,3,PR,4,PR-18,,0.5,,5,15,0.5,0.5,0.5,0.5,,,,0.5,1,,,,,0.5,,0.5,0.5,,,0.5,,0.5,0.5,1,,,,,,,1,,,,,,,,,,15,,,,,,0.5,,,,,,,,,,,,,,,,,,,,,,,1,0.5,,
2024-07-27,TM,"TM, PE",ABILAS 5 tiny seedlings,far,1,Cassiope/Phyllodoce,CP,cas/phy,1769.9,3,PR,5,PR-18,,1,,5,,0.5,1,1,0.5,,,,0.5,1,1,,,,,,0.5,0.5,,,0.5,0.5,0.5,0.5,5,,,,,,,0.5,,,,,,,,,,30,,,,,,0.5,,,,,,,,,,,,,,,,,,,,,,,10,,,
2024-07-27,TM,"TM, PE",,far,1,Cassiope/Phyllodoce,CP,cas/phy,1769.9,3,PR,6,PR-18,,5,,10,10,,1,,,,,,0.5,1,1,,,,0.5,,0.5,,,,0.5,0.5,0.5,1,5,,,,,,,,,,,,,,,,,0.5,1,,,,,0.5,,,,,,,,,,,,,,,,,,,,,,,5,,,
2024-07-27,TM,"NH, ND",,far,1,Cassiope/Phyllodoce,CP,cas/phy,1769.9,3,PR,7,PR-18,,10,,70,15,,1,,,,,,0.5,10,,,,,,,,,,,,,,,5,,,,,,,0.5,,,,,,,,,,,,,,,,,,,,,,,,,,,,,,,,,,,,,,,,5,,
2024-07-27,TM,"NH, ND",,far,1,Cassiope/Phyllodoce,CP,cas/phy,1769.9,3,PR,8,PR-18,,15,,90,,,0.5,,,,,,,5,,,,,,,,,,,,,,1,1,,,,,,,,,,,,,,,,,5,,,,,,,,,,,,,,,,,,,,,,,,,,,,,,1,,
2024-07-27,TM,"NH, ND",,far,1,Cassiope/Phyllodoce,CP,cas/phy,1769.9,3,PR,9,PR-18,,35,,40,15,,0.5,,,,,,0.5,,,,5,,,,,,,,,,,,,,,,,,,,,,,,,,,,,15,,,,,,,,,,,,,,,,,,,,,,,,,,,,,,1,,
2024-07-27,TM,"NH, ND",ABILAS 2 seedlings,far,1,Cassiope/Phyllodoce,CP,cas/phy,1769.9,3,PR,10,PR-18,,15,,30,15,0.5,0.5,,,,,,,,,,10,,1,,,,,,,,,,,,,,,,,,,,,,,,,,,5,,,,,,,,,,,,,,,,,,,,,,,,,,,,,,5,,
2024-07-27,TM,"TM, PE",,near,0,Carex/Phyllodoce/Cassiope,CPC,vac,1758.7,3,PR,1,PR-19,,1,0.5,,0.5,,0.5,,,,,,,,,,,,,,1,,,,5,,,,,,,,,,,,,,,,,,,,,0.5,,,,,,,,,,,,,,,,,,,,,,,1,,,,,,,10,80,
2024-07-27,TM,"TM, PE",,near,0,Carex/Phyllodoce/Cassiope,CPC,vac,1758.7,3,PR,2,PR-19,,15,5,1,,,1,0.5,0.5,,,0.5,,,,,,,,,0.5,,,,1,,,,,,,,,,,,,,,,,,,,,0.5,,,,,,,,,,,,,,,,,,,,,,,,,,,,,,5,35,10
2024-07-27,TM,"TM, PE",,near,0,Carex/Phyllodoce/Cassiope,CPC,vac,1758.7,3,PR,3,PR-19,,45,5,1,5,,1,0.5,0.5,,,0.5,,,,,,,,,0.5,,,,1,,,,,,,,,,,,,,,,,,,,,0.5,,,,,,,,,,,,,,,,,,,,,,,,,,,,,,1,10,
2024-07-27,TM,"TM, PE",,near,0,Carex/Phyllodoce/Cassiope,CPC,vac,1758.7,3,PR,4,PR-19,,20,5,5,15,,0.5,,0.5,,,,10,,,,,,,,1,,,,5,,,,,,,,,,,,,,,,,,,,,,,,,,,,,,,,,,,,,,,,,,,,,,,,,,,0.5,15,
2024-07-27,TM,"TM, PE",,near,0,Carex/Phyllodoce/Cassiope,CPC,vac,1758.7,3,PR,5,PR-19,,5,0.5,0.5,,,1,,1,,,,5,,,,,,,,1,,,,10,,,,,,,,,,,,,,,,,,,,,0.5,,,,,,0.5,,,,,,,,,,,,,,,,,,,,,,,,1,20,
2024-07-27,TM,"TM, PE",,near,0,Carex/Phyllodoce/Cassiope,CPC,vac,1758.7,3,PR,6,PR-19,,1,,,,,0.5,,0.5,,,,,,,,,,,,5,,,,10,,,,,,,,,,,,,,,,,,,,,0.5,,,,,,,,,,,,,,,,,,,,,,,,,,,,,,5,35,
2024-07-27,TM,"TM, PE",,near,0,Carex/Phyllodoce/Cassiope,CPC,vac,1758.7,3,PR,7,PR-19,,0.5,,0.5,,,0.5,,0.5,,,0.5,,,,,,,,,0.5,,,,10,,,,,,,,,,,1,,,,,,,,,,5,,,,,,,,,,,,,,,,,,,,,,,,,,,,,,1,60,
2024-07-27,TM,"TM, PE",,near,0,Carex/Phyllodoce/Cassiope,CPC,vac,1758.7,3,PR,8,PR-19,,1,,0.5,,,0.5,,0.5,,,,,,,,,,,,0.5,,,,5,,,,,,,,,,,5,,,,,,,,,,1,,,,,,,,,,,,,,,,,,,,,,,,,,,,,,5,15,
2024-07-27,TM,"TM, PE",,near,0,Carex/Phyllodoce/Cassiope,CPC,vac,1758.7,3,PR,9,PR-19,,5,,,,,,0.5,0.5,,,,,1,,,,,,,0.5,,,,1,,,,,,,,,,,15,,,,,,,,,,5,1,,,,,0.5,,,,,,,,,,,,,,,,,,,,,,,,0.5,15,
2024-07-27,TM,"TM, PE",,near,0,Carex/Phyllodoce/Cassiope,CPC,vac,1758.7,3,PR,10,PR-19,,1,,0.5,,,,0.5,,,,,1,0.5,,,,,,,1,,,,10,,,,,,,,,,,1,,,,,,,,,,1,,,,,,,,,,,,,,,,,,,,,,,,,,,,,,0.5,20,
2024-07-27,ND,"NH, ND",ABILAS 1 seedling,far,1,Carex/Phyllodoce/Cassiope,CPC,cas/vacc/phy/car,1758.3,3,PR,1,PR-20,,15,40,25,10,0.5,0.5,0.5,1,,,5,,,,,,,,,,,,,,,,,,,,,,,,,,,,,,,,,60,15,,,,,,,,,,,,,,,,,,,,,,,,,,,,,,,1,
2024-07-27,ND,"NH, ND",,far,1,Carex/Phyllodoce/Cassiope,CPC,cas/vacc/phy/car,1758.3,3,PR,2,PR-20,,15,30,25,5,,0.5,0.5,0.5,,,5,,,,,,,,,,,,,,,,,,,,,,,,,,,,,,,,,40,10,,,,,,,,,,,,,,,,,,,,,,,,,,,,,,,15,
2024-07-27,ND,"NH, ND",,far,1,Carex/Phyllodoce/Cassiope,CPC,cas/vacc/phy/car,1758.3,3,PR,3,PR-20,,10,40,20,5,,,0.5,0.5,,,1,,,,,,,,,,0.5,,,,,,,,,,,,,,,,,,,,,,,35,5,,,,,,,,,,,,,,,,,,,,,,,,,,,,,,15,,
2024-07-27,ND,"NH, ND",,far,1,Carex/Phyllodoce/Cassiope,CPC,cas/vacc/phy/car,1758.3,3,PR,4,PR-20,,10,20,15,5,,0.5,,0.5,,,5,,,,,,,,,,1,,,,,,,,,,,,,,,,,,,,,,,20,15,,,,,,,,,,,,,,,,,,,,,,,,,,,,,50,,,
2024-07-27,ND,"NH, ND",,far,1,Carex/Phyllodoce/Cassiope,CPC,cas/vacc/phy/car,1758.3,3,PR,5,PR-20,,15,35,15,25,,0.5,0.5,0.5,,,10,,,,,,,,,,,,,0.5,,,,,,,,,,,,,,,,,,,,45,10,,,,,,,,,,,,,,,,,,,,,,,,,,,,,10,,,
2024-07-27,ND,"NH, ND",,far,1,Carex/Phyllodoce/Cassiope,CPC,cas/vacc/phy/car,1758.3,3,PR,6,PR-20,,15,35,20,15,,0.5,,0.5,,,10,0.5,,,,,,,,,,,,5,,,,,,,,,,,,,,,,,,,,,25,,,,,,,,,,,,,,,,,,,,,,,,,,,,,,,5,
2024-07-27,ND,"NH, ND",,far,1,Carex/Phyllodoce/Cassiope,CPC,cas/vacc/phy/car,1758.3,3,PR,7,PR-20,,25,30,25,,,0.5,0.5,0.5,,,10,0.5,,,,,,,,,,,,1,,,,,,,,,,,,,,,,,,,,,20,,,,,,,,,,,,,,,,,,,,,,,,,,,,,,,5,
2024-07-27,ND,"NH, ND",CRYPTOCRUST there is also a rock here,far,1,Carex/Phyllodoce/Cassiope,CPC,cas/vacc/phy/car,1758.3,3,PR,8,PR-20,,20,20,25,5,,0.5,0.5,,,,5,0.5,,,,,0.5,,,,0.5,,,15,,,,,,,,,,,,,,,,,,,,,15,,,,,,,,,,,,,,,,,,,,,,,,,,,,,10,,,
2024-07-27,ND,"NH, ND",,far,1,Carex/Phyllodoce/Cassiope,CPC,cas/vacc/phy/car,1758.3,3,PR,9,PR-20,,40,5,45,,,0.5,0.5,1,,,,5,,,,,,,,,,,,10,,,,,,,,,,,,,,,,,,,,,5,,,,,,,,,,,,,,,,,,,,,,,,,,,,,5,,,
2024-07-27,ND,"NH, ND",ABILAS 1 seedling,far,1,Carex/Phyllodoce/Cassiope,CPC,cas/vacc/phy/car,1758.3,3,PR,10,PR-20,,25,,40,,0.5,0.5,0.5,,,,,1,,,,,,,,,,,,5,,,,,,,,,,,,,,,,,,,,,15,,,,,,,,,,,,,,,,,,,,,,,,,,,,,,,,
2024-07-27,ND,"NH, ND",,near,0,Carex//Vaccinium/Cassiope/Phyllodoce,CVCP,car/vac/phy/cas,1765.6,3,PR,1,PR-21,,1,0.5,,,,,,,,,,1,,,,,,,,,,,,35,,,,,,,,,,,,,,,,,,,,,,,,,,,,,,,,,,,,,,,,,,,,,,,,,,,,50,
2024-07-27,ND,"NH, ND",,near,0,Carex//Vaccinium/Cassiope/Phyllodoce,CVCP,car/vac/phy/cas,1765.6,3,PR,2,PR-21,,20,25,20,,,,,,,,,0.5,,,,,,,,,,,,20,,,,,,,,,,,,,,,,,,,,,,,,,,,,,,,,,,,,,,,,,,,,,,,,,,,,30,
2024-07-27,ND,"NH, ND",,near,0,Carex//Vaccinium/Cassiope/Phyllodoce,CVCP,car/vac/phy/cas,1765.6,3,PR,3,PR-21,,1,1,,,,,,,,,,5,,,,,,,,,5,,,10,,,,,,,,,,,,,,,,,,,,,,,,,,,,,,,,,,,,,,,,,,,,,,,,,,,,45,
2024-07-27,ND,"NH, ND",,near,0,Carex//Vaccinium/Cassiope/Phyllodoce,CVCP,car/vac/phy/cas,1765.6,3,PR,4,PR-21,,0.5,0.5,,,,,,,,,,1,,,,,,,,,0.5,,,1,,,,,,,,,,,,,,,,,,,,,,,,,,,,,,,,,,,,,,,,,,,,,,,,,,,,90,
2024-07-27,ND,"NH, ND",SOIL litter/log,near,0,Carex//Vaccinium/Cassiope/Phyllodoce,CVCP,car/vac/phy/cas,1765.6,3,PR,5,PR-21,,1,0.5,1,,,,,0.5,,,,1,,,,,,,,,0.5,,,0.5,,,,,,,,,,,,,,,,,,,,,,,,,,,,,,,,,,,,,,,,,,,,,,,,,,,,90,
2024-07-27,ND,"NH, ND",SOIL litter/log,near,0,Carex//Vaccinium/Cassiope/Phyllodoce,CVCP,car/vac/phy/cas,1765.6,3,PR,6,PR-21,,10,5,,,,,,,,,,1,,,,,,,,,5,,,0.5,,,,,,,,,,,,,,,,,,,,,,,,,,,,,,,,,,,,,,,,,,,,,,,,,,,,80,
2024-07-27,ND,"NH, ND",SOIL litter/log,near,0,Carex//Vaccinium/Cassiope/Phyllodoce,CVCP,car/vac/phy/cas,1765.6,3,PR,7,PR-21,,5,5,,,,,,,,,,5,,,,,,,,,0.5,,,1,,,,,,,,,,,,,,,,,,,,,,,,,,,,,,,,,,,,,,,,,,,,,,,,,,,,80,
2024-07-27,ND,"NH, ND",,near,0,Carex//Vaccinium/Cassiope/Phyllodoce,CVCP,car/vac/phy/cas,1765.6,3,PR,8,PR-21,,10,35,1,15,,,,,,,,5,,,,,,,,,0.5,,,0.5,,,,,,,,,,,,,,,,,,,,,,,,,,,,,,,,,,,,,,,,,,,,,,,,,,,,50,
2024-07-27,ND,"NH, ND",,near,0,Carex//Vaccinium/Cassiope/Phyllodoce,CVCP,car/vac/phy/cas,1765.6,3,PR,9,PR-21,,5,20,,5,,,,,,,,1,,,,,,,,,,,,0.5,,,,,,,,,,,,,,,,,,,,,1,,,,,,,,,,,,,,,,,,,,,,,,,,,,,,,75,
2024-07-27,ND,"NH, ND",ABILAS 1 sapling,near,0,Carex//Vaccinium/Cassiope/Phyllodoce,CVCP,car/vac/phy/cas,1765.6,3,PR,10,PR-21,,5,30,,25,5,,,,,,,0.5,,,,,,,,,,,,,,,,,,,,,,,,,,,,,,,,,10,,,,,,,,,,,,,,,,,,,,,,,,,,,,,,,60,
2024-07-27,ND,"NH, ND",,far,1,Carex//Vaccinium/Cassiope/Phyllodoce,CVCP,cas/vac/phy,1765.9,3,PR,1,PR-22,,40,1,15,,,1,,0.5,,,,,,,,,,,,,,,,40,,,,,,,,,,,,,,,,,,,,,15,,,,,,1,,,,,,,,,,,,,,,,,,,,,,,,25,,
2024-07-27,ND,"NH, ND",,far,1,Carex//Vaccinium/Cassiope/Phyllodoce,CVCP,cas/vac/phy,1765.9,3,PR,2,PR-22,,30,,40,,,1,,,,,,0.5,,,,,,,,,,,,15,,,,,,,,,,,,,,,,,,,,,5,,,,,,,,,,,,,,,,,,,,,,,,,,,,,,10,,
2024-07-27,ND,"NH, ND",ABILAS 3 seedlings,far,1,Carex//Vaccinium/Cassiope/Phyllodoce,CVCP,cas/vac/phy,1765.9,3,PR,3,PR-22,,35,,50,,0.5,1,,0.5,,,,0.5,,,,,,,,,,,,10,,,,,,,,,,,,,,,,,,,,,5,,,,,,,,,,,,,,,,,,,,,,,,,,,,,,15,,
2024-07-27,ND,"NH, ND",,far,1,Carex//Vaccinium/Cassiope/Phyllodoce,CVCP,cas/vac/phy,1765.9,3,PR,4,PR-22,,20,5,35,,,1,0.5,,,,,,,,,,,,,,,,,15,,,,,,,,,,,,,,,,,,,,,1,,,,,,,,,,,,,,,,,,,,,,,,,,,,,,25,,
2024-07-27,ND,"NH, ND",,far,1,Carex//Vaccinium/Cassiope/Phyllodoce,CVCP,cas/vac/phy,1765.9,3,PR,5,PR-22,,20,5,45,5,,0.5,0.5,0.5,,,,0.5,,,,,,,,,,,,5,,,,,,,,,,,,,,,,,,,,,1,,,,,,,,,,,,,,,,,,,,,,,,,,,,,,25,,
2024-07-27,ND,"NH, ND",,far,1,Carex//Vaccinium/Cassiope/Phyllodoce,CVCP,cas/vac/phy,1765.9,3,PR,6,PR-22,,30,10,40,,,,,0.5,,,,,,,,,,,,,,,,5,,,,,,,,,,,,,,,,,,,,,0.5,,,,,,,,,,,,,,,,,,,,,,,,,,,,,,25,,
2024-07-27,ND,"NH, ND",,far,1,Carex//Vaccinium/Cassiope/Phyllodoce,CVCP,cas/vac/phy,1765.9,3,PR,7,PR-22,,20,5,30,0.5,,,,,,,,0.5,,,,,,,,,,,,0.5,,,,,,,,,,,,,,,,,,,,,5,,,,,,,,,,,,,,,,,,,,,,,,,,,,,,25,,
2024-07-27,ND,"NH, ND",,far,1,Carex//Vaccinium/Cassiope/Phyllodoce,CVCP,cas/vac/phy,1765.9,3,PR,8,PR-22,,40,15,40,15,,0.5,,0.5,,,,,,,,,,,,,,,,0.5,,,,,,,,,,,,,,,,,,,,,5,,,,,,,,,,,,,,,,,,,,,,,,,,,,,,15,,
2024-07-27,ND,"NH, ND",,far,1,Carex//Vaccinium/Cassiope/Phyllodoce,CVCP,cas/vac/phy,1765.9,3,PR,9,PR-22,,30,25,40,1,,1,0.5,,,,,,,,,,0.5,,,,,,,,,,,,,,,,,,,,,,,,,,,,10,,,,,,,,,,,,,,,,,,,,,,,,,,,,,,20,,
2024-07-27,ND,"NH, ND",,far,1,Carex//Vaccinium/Cassiope/Phyllodoce,CVCP,cas/vac/phy,1765.9,3,PR,10,PR-22,,30,30,45,15,,0.5,0.5,,,,,0.5,,,,,0.5,,,,,,,0.5,,,,,,,,,,,,,,,,,,,,,5,,,,,,,,,,,,,,,,,,,,,,,,,,,,,,,,
2024-07-27,TM,"TM, PE",,near,0,Cassiope/Carex,CC,phy/cas/vac,1796.8,3,PR,1,PR-23,,1,,1,,,,,0.5,,,,,,,,,,,,,0.5,,,0.5,,,,,,,,,,,,,,,,,,,,,,,,,,,,,,,,,,,,,,,,,,,,,,,,,,,40,50,
2024-07-27,TM,"TM, PE",,near,0,Cassiope/Carex,CC,phy/cas/vac,1796.8,3,PR,2,PR-23,,10,0.5,10,,,0.5,,0.5,,,,,,,,,,,,,,,,0.5,,,,,,,,,,,,,,,,,,,,,,,,,,,,,,,,,,,,,,,,,,,,,,,,,,,40,20,5
2024-07-27,TM,"TM, PE",ABILAS 1 sapling,near,0,Cassiope/Carex,CC,phy/cas/vac,1796.8,3,PR,3,PR-23,,1,,,,0.5,0.5,,0.5,,,,,,,,,,,,,,,,,,,,,,,,,,,,,,,,,,,,,,,,,,,,,,,,,,,,,,,,,,,,,,,,,,,35,70,
2024-07-27,TM,"TM, PE",,near,0,Cassiope/Carex,CC,phy/cas/vac,1796.8,3,PR,4,PR-23,,0.5,,,,,,,0.5,,,,,,,,,,,,,,,,0.5,,,,,,,,,,,,,,,,,,,,,,,,,,,,,,,,,,,,,,,,,,,,,,,,,,,10,90,1
2024-07-27,TM,"TM, PE",sad plants,near,0,Cassiope/Carex,CC,phy/cas/vac,1796.8,3,PR,5,PR-23,,0.5,,0.5,,,0.5,,,,,,,,,,,,,,,,,,0.5,,,,,,,,,,,,,,,,,,,,,,,,,,,,,,,,,,,,,,,,,,,,,,,,,,,20,90,1
2024-07-27,TM,"TM, PE",ABILAS 1 seedling,near,0,Cassiope/Carex,CC,phy/cas/vac,1796.8,3,PR,6,PR-23,,1,,0.5,,0.5,,,,,,,,,,,,,,,,,,,0.5,,,,,,,,,,,,,,,,,,,,,,,,,,,,,,,,,,,,,,,,,,,,,,,,,,,20,75,10
2024-07-27,TM,"TM, PE",,near,0,Cassiope/Carex,CC,phy/cas/vac,1796.8,3,PR,7,PR-23,,15,,,,,,,0.5,,,,,,,,,,,,,,,,0.5,,,,,,,,,,,,,,,,,,,,,,,,,,,,,,,,,,,,,,,,,,,,,,,,,,,10,70,15
2024-07-27,TM,"TM, PE",,near,0,Cassiope/Carex,CC,phy/cas/vac,1796.8,3,PR,8,PR-23,,1,,,,,0.5,,,,,,,,,,,,,,,,,,0.5,,,,,,,,,,,,,,,,,,,,,,,,,,,,,,,,,,,,,,,,,,,,,,,,,,,5,80,10
2024-07-27,TM,"TM, PE",ABILAS 1 seedling,near,0,Cassiope/Carex,CC,phy/cas/vac,1796.8,3,PR,9,PR-23,,10,,,,0.5,0.5,,0.5,,,,,,,,,,,,,,,,0.5,,,,,,,,,,,,,,,,,,,,,,,,,,,,,,,,,,,,,,,,,,,,,,,,,,,5,80,10
2024-07-27,TM,"TM, PE",,near,0,Cassiope/Carex,CC,phy/cas/vac,1796.8,3,PR,10,PR-23,,5,,0.5,0.5,,0.5,,,,,,,,,,,,,,,,,,1,,,,,,,,,,,,,,,,,,,,,,,,,,,,,,,,,,,,,,,,,,,,,,,,,,,10,80,5
2024-07-27,TM,"TM, PE",ABILAS 1 sapling,far,1,Cassiope/Carex,CC,car/cas,1797,3,PR,1,PR-24,,1,1,60,,0.5,,,,,,,,,,,,,,,0.5,,,,,,,,,,,,,,,,,,,,,,,,,0.5,0.5,,,,,,,,,,,,,,,,,,,,,,,,,,,,,20,,
2024-07-27,TM,"TM, PE",ABILAS 2 saplings,far,1,Cassiope/Carex,CC,car/cas,1797,3,PR,2,PR-24,,1,,20,,0.5,,,,,,,,,,,,,,,,,,,,,,,,,,,,,,,,,,,,,,,,5,1,,,,,,,,,,,,,,,,,,,,,,,,,,,,,30,,15
2024-07-27,TM,"TM, PE",ABILAS 28 tiny seedlings,far,1,Cassiope/Carex,CC,car/cas,1797,3,PR,3,PR-24,,5,,40,,1,0.5,,,,,,,,,,,,,,,,,,,,,,,,,,,,,,,,,,,,,,,0.5,0.5,,,,,,,,,,,,,,,,,,,,,,,,,,,,,40,,
2024-07-27,TM,"TM, PE",ABILAS 33 tiny seedlings,far,1,Cassiope/Carex,CC,car/cas,1797,3,PR,4,PR-24,,5,,35,,1,0.5,,,,,,,,,,,,,,,,,,,,,,,,,,,,,,,,,,,,,,,,,,,,,,,,,,,,,,,,,,,,,,,,,,,,,30,,
2024-07-27,TM,"TM, PE",ABILAS 18 tiny seedlings,far,1,Cassiope/Carex,CC,car/cas,1797,3,PR,5,PR-24,,5,,20,,1,0.5,,,,,,,,,,,,,,,,,,,,,,,,,,,,,,,,,,,,,,,0.5,,,,,,,,,,,,,,,,,,,,,,,,,,,,,,40,,5
2024-07-27,TM,"TM, PE",ABILAS 12 tiny seedlings,far,1,Cassiope/Carex,CC,car/cas,1797,3,PR,6,PR-24,,1,,50,,1,0.5,,,,,,,,,,,,,,,,,,,,,,,,,,,,,,,,,,,,,,,1,0.5,,,,,,,,,,,,,,,,,,,,,,,,,,,,,25,,
2024-07-27,TM,"TM, PE",ABILAS 12 tiny seedlings,far,1,Cassiope/Carex,CC,car/cas,1797,3,PR,7,PR-24,,1,,20,,1,0.5,,,,,,,,,,,,,,0.5,,,,,,,,,,,,,,,,,,,,,,,,,0.5,,,,,,,,,,,,,,,,,,,,,,,,,,,,,,60,,
2024-07-27,TM,"TM, PE",ABILAS 15 tiny seedlings,far,1,Cassiope/Carex,CC,car/cas,1797,3,PR,8,PR-24,,5,,10,1,1,0.5,,,,,,,,,,,,,,,0.5,,,,,,,,,,,,,,,,,,,,,,,,0.5,,,,,,,,,,,,,,,,,,,,,,,,,,,,,,70,,
2024-07-27,TM,"TM, PE",ABILAS 11 tiny seedlings,far,1,Cassiope/Carex,CC,car/cas,1797,3,PR,9,PR-24,,1,,10,,5,0.5,,,,,,,,,,,,,,0.5,0.5,,,,,,,,,,,,,,,,,,,,,,,,5,,,,,,,,,,,,,,,,,,,,,,,,,,,,,5,60,,
2024-07-27,TM,"TM, PE",ABILAS 9 tiny seedlings,far,1,Cassiope/Carex,CC,car/cas,1797,3,PR,10,PR-24,,5,,15,10,1,0.5,,,,,,,,,,,,,,0.5,,,,,,,,,,,,,,,,,,,,,,,,,10,0.5,,,,,,,,,,,,,,,,,,,,,,,,,,,,1,10,,1
2024-08-03,"NK,TM","NK,TM",*moss very dry,near,0,Carex/Phyllodoce/Vaccinium/Cassiope,CPVC,car/phy/vac/cas,1658.9,1,TM,1,TM-25,,1,1,,,,,,,,,,,,,,,,,,,,,,,,,,,,,,,,,,,,,,,,,,,,,,,,,,,,,,,,,,,,,,,,,,,,,,,,,,60,40
2024-08-03,"NK,TM","NK,TM, CW",ABILAS overhanging,near,0,Carex/Phyllodoce/Vaccinium/Cassiope,CPVC,car/phy/vac/cas,1658.9,1,TM,2,TM-25,,1,,,5,15,0.5,,0.5,,,,,,,,,,,,,,,,,,,,,,,,,,,,,,,,,,,,,,,,,,,,,,,,,,,,,1,,,,,,,,,,,,,10,,40,
2024-08-03,"NK,TM","NK,TM, CW",,near,0,Carex/Phyllodoce/Vaccinium/Cassiope,CPVC,car/phy/vac/cas,1658.9,1,TM,3,TM-25,,10,5,,25,,0.5,,,,,,,,,,,,,,,,,,,,,,,,,,,,,,,,,,,,,,,,,,,,,,,,,,,,,,,1,,,,,,,,,,,,,20,,10,
2024-08-03,"NK,TM","NK,TM, CW",,near,0,Carex/Phyllodoce/Vaccinium/Cassiope,CPVC,car/phy/vac/cas,1658.9,1,TM,4,TM-25,,10,1,,15,,0.5,,,,,,0.5,,,,,,,,,,,,0.5,,,,,,,,,,,,,,,,,,,,,,,,,,,,,,,,,,,,,1,,,,,,,,,,,,,35,,5,
2024-08-03,"NK,TM","NK,TM, CW",ABILAS not rooted in plot,near,0,Carex/Phyllodoce/Vaccinium/Cassiope,CPVC,car/phy/vac/cas,1658.9,1,TM,5,TM-25,,1,5,,5,1,0.5,,,,,,0.5,,,,,,,,,,,,0.5,,,,,,,,,,,,,,,,,,,,,,,0.5,,,,,,,,,,,,,,5,,,,,,,,,,,,,80,,1,
2024-08-03,"NK,TM","NK, CW",ABILAS 3 saplings,near,0,Carex/Phyllodoce/Vaccinium/Cassiope,CPVC,car/phy/vac/cas,1658.9,1,TM,6,TM-25,,25,1,,10,1,0.5,,0.5,,,,,,,,,,,,,,,,0.5,,,,,,,,,,,,,,,,,,,,,,,,,,,,,,,,,,,,,5,,,0.5,,,,,,,,,,60,,,
2024-08-03,NH,"NH, NK, CW",ABILAS 4 seedlings,near,0,Carex/Phyllodoce/Vaccinium/Cassiope,CPVC,car/phy/vac/cas,1658.9,1,TM,7,TM-25,,20,1,,1,1,0.5,,0.5,,,,0.5,,,,,,,,,,,,1,,,,,,,,,,,,,,,,,,,,,,,,,,,,,,,,,,,,,10,,,0.5,,,,,,,,,,40,,,
2024-08-03,NH,"NH, CW",ABILAS 2 saplings,near,0,Carex/Phyllodoce/Vaccinium/Cassiope,CPVC,car/phy/vac/cas,1658.9,1,TM,8,TM-25,,10,10,,30,5,0.5,,,,,,,,,,,,,,,,,,1,,,,,,,,,,,,,,,,,,,,,,,,,,,,,,,,,,,,,10,,,5,,,,,,,,,,10,,25,
2024-08-03,NH,"NH, CW",,near,0,Carex/Phyllodoce/Vaccinium/Cassiope,CPVC,car/phy/vac/cas,1658.9,1,TM,9,TM-25,,10,10,,1,,1,,,,,,1,,,,,,,,,,,,10,,,,,,,,,,,,,,,,,,,,,,,,,,,,,,,,,,,,,0.5,,,15,,,,,,,,,,15,,,
2024-08-03,NH,"NH, CW",,near,0,Carex/Phyllodoce/Vaccinium/Cassiope,CPVC,car/phy/vac/cas,1658.9,1,TM,10,TM-25,,,1,,,,,,,,,,,,,,,,,,,,,,0.5,,,,,,,,,,,,,,,,,,,,,,,,,,,,,,,,,,,,,,,,,,,,,,,,,,,,100,
2024-08-03,AD,"AD, PE, CW",ABILAS 1 individual,far,1,Carex/Phyllodoce/Vaccinium/Cassiope,CPVC,car/phy/vac/cas,1658,1,TM,1,TM-26,,5,5,40,1,0.5,5,,1,,,,0.5,,,,,,,,,,,,,,,,,,,,,,,,,,,,,,,,,,,,,,,,,,5,,,,,,,,,,1,,,,,,,,,,1,5,,
2024-08-03,AD,"AD, PE, CW",ABILAS 3 individuals// CERPUR Connor collected to check,far,1,Carex/Phyllodoce/Vaccinium/Cassiope,CPVC,car/phy/vac/cas,1658,1,TM,2,TM-26,,10,5,25,1,5,5,,0.5,,,,,,,,,,,,,,,,,,,,,,,,,,,,,,,,,,,,,,,,,,,,,,10,,,,,,,,,,1,,,,,,,,,,5,10,,
2024-08-03,AD,"AD, PE, CW",ABILAS 5 individuals,far,1,Carex/Phyllodoce/Vaccinium/Cassiope,CPVC,car/phy/vac/cas,1658,1,TM,3,TM-26,,15,0.5,20,1,5,5,,1,,,,0.5,,,,,,,,,,,,,,,,,,,,,,,,,,,,,,,,,,,,,,,,,,10,,,,,,,,,,,,,,,,,,,,1,20,,
2024-08-03,AD,"AD, PE, CW",ABILAS 1 individual,far,1,Carex/Phyllodoce/Vaccinium/Cassiope,CPVC,car/phy/vac/cas,1658,1,TM,4,TM-26,,15,5,10,15,5,1,,1,,,,0.5,,,,,,,,,,,,,,,,,,,,,,,,,,,,,,,,,,,,,,,,,,5,,,,,,,,,,0.5,,,,,,,,,,1,10,,
2024-08-03,AD,"AD, PE, CW",ABILAS 6 individuals,far,1,Carex/Phyllodoce/Vaccinium/Cassiope,CPVC,car/phy/vac/cas,1658,1,TM,5,TM-26,,10,1,20,10,5,5,,1,,,,1,,,,,,,,,,,,,,,,,,,,,,,,,,,,,,,,,,,,,,,,,,1,,,,,,,,,,,,,,,,,,,,0.5,20,,
2024-08-03,AD,"AD, PE, CW",ABILAS 4 individuals,far,1,Carex/Phyllodoce/Vaccinium/Cassiope,CPVC,car/phy/vac/cas,1658,1,TM,6,TM-26,,10,1,10,15,15,1,1,5,,,,5,,,,,0.5,,,,,,,,,,,,,,,,,,,,,,,,,,,,,,,,,,,,,10,,,,,,,,,,,,,,,,,,,,5,10,,
2024-08-03,AD,"NH, CW",ABILAS 3 seedlings,far,1,Carex/Phyllodoce/Vaccinium/Cassiope,CPVC,car/phy/vac/cas,1658,1,TM,7,TM-26,,5,1,15,20,5,0.5,1,1,,,,1,,,,,5,,,,,,,,,,,,,,,,,,,,,,,,,,,,,,,,,,,,,5,,,,,,,,,,1,,,,,,,,,,,1,,
2024-08-03,AD,"NH, CW",ABILAS 3 seedlings,far,1,Carex/Phyllodoce/Vaccinium/Cassiope,CPVC,car/phy/vac/cas,1658,1,TM,8,TM-26,,10,,20,20,1,1,1,5,,,,,,,,,,,,,,,,0.5,,,,,,,,,,,,,,,,,,,,,,,,,,,,,,,,,,,,,,1,,5,,,,,,,,,,5,10,,
2024-08-03,AD,"NH, CW",ABILAS 2 saplings,far,1,Carex/Phyllodoce/Vaccinium/Cassiope,CPVC,car/phy/vac/cas,1658,1,TM,9,TM-26,,15,5,45,15,15,5,1,5,,,,,,,,,,,,,,5,,5,,,,,,,,,,,,,,,,,,,,,,,,,,,,,,5,,,,,,,,,,1,,,,,,,,,,,10,,
2024-08-03,AD,"NH, CW",ABILAS 3 saplings,far,1,Carex/Phyllodoce/Vaccinium/Cassiope,CPVC,car/phy/vac/cas,1658,1,TM,10,TM-26,,5,20,10,30,15,5,,1,,,,,,,,,10,5,,,,,,,,,,,,,,,,,,,,,,,,,,,,,,,,,,,,5,,,,,,,,,,,,,,,,,,,,,15,,
2024-08-02,SW,"TM, CW, NK",BARESOIL has sparse litter throughout,near,0,Phyllodoce/Vaccinium/Cassiope,PVC,phy/vac/cas,1669.2,1,TM,1,TM-27,,,0.5,,0.5,,,,,,,,,,,,,,,,,,,,,,,,,,,,,,,,,,,,,,,,,,,,,,,,,,,,,,,,,,,,,,,,,,,,,,,,100,
2024-08-02,SW,"TM, CW, NK",,near,0,Phyllodoce/Vaccinium/Cassiope,PVC,phy/vac/cas,1669.2,1,TM,2,TM-27,,0.5,0.5,,0.5,,,,,,,,,,,,,,,,,,,,,,,,,,,,,,,,,,,,,,,,,,,,,,,,,,,,,,,,,,,,,,,,,,,,,,,,100,
2024-08-02,SW,"TM, CW, NK",,near,0,Phyllodoce/Vaccinium/Cassiope,PVC,phy/vac/cas,1669.2,1,TM,3,TM-27,,,,,0.5,,,,,,,,,,,,,,,,,,,,,,,,,,,,,,,,,,,,,,,,,,,,,,,,,,,,,,,,,,,,,,,,,,,,,,,,100,
2024-08-02,SW,"TM, CW, NK",,near,0,Phyllodoce/Vaccinium/Cassiope,PVC,phy/vac/cas,1669.2,1,TM,4,TM-27,,0.5,0.5,,0.5,,,,,,,,,,,,,,,,,,,,,,,,,,,,,,,,,,,,,,,,,,,,,,,,,,,,,,,,,,,,,,,,,,,,,,,,100,
2024-08-02,SW,"TM, CW, NK",,near,0,Phyllodoce/Vaccinium/Cassiope,PVC,phy/vac/cas,1669.2,1,TM,5,TM-27,,5,5,5,5,,,,,,,,,,,,,,,,,,,,,,,,,,,,,,,,,,,,,,,,,,,,,,,,,,,,,,,,,,,,0.5,,,,,,,,,,,,80,
2024-08-02,SW,"TM, CW, NK",TSUMER 1 sapling overhanging,near,0,Phyllodoce/Vaccinium/Cassiope,PVC,phy/vac/cas,1669.2,1,TM,6,TM-27,,5,10,15,15,,,,,,,,,,,,,,,,,,35,,,,,,,,,,,,,,,,,,,,,,,,,,,,,,,,0.5,,,,,,,,,,0.5,,,,,,,,,,,,30,
2024-08-02,SW,"TM, CW, NK",ABILAS 1 sapling overhanging & 1 seedling// TSUMER 1 sapling,near,0,Phyllodoce/Vaccinium/Cassiope,PVC,phy/vac/cas,1669.2,1,TM,7,TM-27,,10,25,15,25,0.5,,,,,,,,,,,,,,,,,45,,,,,,,,,,,,,,,,,,,,,,,,,,,,,,,,0.5,,,,,,,,,,0.5,,,,,,,,,,,,20,
2024-08-02,SW,"TM, CW, NK",ABILAS 1 sapling,near,0,Phyllodoce/Vaccinium/Cassiope,PVC,phy/vac/cas,1669.2,1,TM,8,TM-27,,5,5,5,1,1,,,,,,,,,,,,,,,,,,,,,,,,,,,,,,,,,,,,,,,,,,,,,,,,,0.5,,,,,,,,,,0.5,,,,,,,,,,,,90,
2024-08-02,SW,"TM, CW, NK",,near,0,Phyllodoce/Vaccinium/Cassiope,PVC,phy/vac/cas,1669.2,1,TM,9,TM-27,,,,,,,,,,,,,,,,,,,,,,,,,,,,,,,,,,,,,,,,,,,,,,,,,,,,,,,,,,,,,,,,,,,,,,,,,,,,,100,
2024-08-02,SW,"TM, CW, NK",,near,0,Phyllodoce/Vaccinium/Cassiope,PVC,phy/vac/cas,1669.2,1,TM,10,TM-27,,,,,,,,,,,,,,,,,,,,,,,,,,,,,,,,,,,,,,,,,,,,,,,,,,,,,,,,,,,,,,,,,,,,,,,,,,,,,100,
2024-08-02,AD,"PE, AD, CW",ABILAS 3 individuals//TSUMER 2 individuals,far,1,Phyllodoce/Vaccinium/Cassiope,PVC,phy/vac/cas,1669.7,1,TM,1,TM-28,,5,15,30,25,1,0.5,,,,,,,,,,,,,,,,5,,,,,,,,,,,,,,,,,,,,,,,,,,,,,,,,5,,,,,,,,,,,,,,,,,,,,5,10,,
2024-08-02,AD,"PE, AD, CW",,far,1,Phyllodoce/Vaccinium/Cassiope,PVC,phy/vac/cas,1669.7,1,TM,2,TM-28,,1,5,15,25,,,,,,,,,,,,,,,,,,,,,,,,,,,,,,,,,,,,,,,,,,,,,,,,,1,5,,1,,,,,,,,,,,,,,,,,,5,10,,
2024-08-02,AD,"PE, AD, CW",ABILAS 3 individuals,far,1,Phyllodoce/Vaccinium/Cassiope,PVC,phy/vac/cas,1669.7,1,TM,3,TM-28,,0.5,15,40,20,0.5,,,,,,,,,,,,,,,,,,,,,,,,,,,,,,,,,,,,,,,,,,,,,,,,5,5,,1,,,,,,,,,,,,,,,,,,1,5,,
2024-08-02,AD,"PE, AD, CW",ABILAS 4 individuals// TSUMER 2 individuals,far,1,Phyllodoce/Vaccinium/Cassiope,PVC,phy/vac/cas,1669.7,1,TM,4,TM-28,,0.5,5,50,5,0.5,,,,,,,,,,,,,,,,,0.5,,,,,,,,,,,,,,,,,,,,,,,,,,,,,,,1,1,,5,,,,,,,,,,,,,,,,,,0.5,5,,
2024-08-02,AD,"PE, AD, CW",TSUMER 1 individual,far,1,Phyllodoce/Vaccinium/Cassiope,PVC,phy/vac/cas,1669.7,1,TM,5,TM-28,,0.5,5,15,10,,,,,,,,,,,,,,,,,,0.5,,,,,,,,,,,,,,,,,,,,,,,,,,,,,,,5,0.5,,5,,,,,,,,,,,,,,,,,,5,15,,
2024-08-02,AD,"PE, AD, CW",ABILAS 4 individuals,far,1,Phyllodoce/Vaccinium/Cassiope,PVC,phy/vac/cas,1669.7,1,TM,6,TM-28,,0.5,5,5,25,5,,,,,,,,,,,,,,,,,,,,,,,,,,,,,,,,,,,,,,,,,,,,,,,,0.5,10,,5,,,,,,,,0.5,,,,,,,,,,0.5,5,,
2024-08-02,AD,"NH, NK, CW",ABILAS 3 individuals,far,1,Phyllodoce/Vaccinium/Cassiope,PVC,phy/vac/cas,1669.7,1,TM,7,TM-28,,0.5,10,20,15,30,,,,,,,,,,,,,,,,,,,,,,,,,,,,,,,,,,,,,,,,,,,,,,,,,5,,10,,,,,,,,,,,,,,,,,,1,1,,
2024-08-02,AD,"NH, NK, CW",ABILAS 5 individuals,far,1,Phyllodoce/Vaccinium/Cassiope,PVC,phy/vac/cas,1669.7,1,TM,8,TM-28,,1,5,25,20,5,,,,,,,,,,,,,,,,,,,,,,,,,,,,,,,,,,,,,,,,,,,,,,,,,5,,10,,,,,,,,0.5,,,,,,,,,,5,5,,
2024-08-02,AD,"NH, NK, CW",ABILAS 3 individuals//BUSU growing on a rock,far,1,Phyllodoce/Vaccinium/Cassiope,PVC,phy/vac/cas,1669.7,1,TM,9,TM-28,,1,5,20,25,5,,,,,,,,,,,,,,,,,,,,,,,,,,,,,,,,,,,,,,,,,,,,,0.5,,,,5,,10,,,,,,,,,,,,,,,,,,5,20,,
2024-08-02,AD,"NH, NK, CW",ABILAS 1 individual//TSUMER 1 individual,far,1,Phyllodoce/Vaccinium/Cassiope,PVC,phy/vac/cas,1669.7,1,TM,10,TM-28,,0.5,1,15,45,1,,,,,,,,,,,,,,,,,5,,,,,,,,,,,,,,,,,,,,,,,,,,,,,,,1,5,,,,,,,,,,,,,,,,,,,,1,20,,
,,,,,,,,,,,,,,,,,,,,,,,,,,,,,,,,,,,,,,,,,,,,,,,,,,,,,,,,,,,,,,,,,,,,,,,,,,,,,,,,,,,,,,,,,,,
,,,,,,,,,,,,,,Sum,2143.5,2607,3350.5,2849.5,916,92,30.5,65.5,2,33.5,110.5,127.5,114.5,76,107,138.5,63.5,46.5,0,17,21,217.5,101,327,4.5,2.5,4,18,2.5,5,30.5,0,0,0,24,0,174.5,10,0,0,0,0,0,306.5,426.5,88,81.5,2,1,4,46,1,15.5,231,3,59.5,8.5,24.5,67.5,2,37.5,8,1,36,,,,,,,,,,601.5,1122,6127,1138